Title,Description,Price,Image,Shop Here
Tshirts For Men,,,,
HIGHLANDER,Structured Polo Neck T-shirt,Rs. 459,"https://assets.myntassets.com/dpr_2,q_60,w_210,c_limit,fl_progressive/assets/images/21769236/2023/1/31/bbe6181b-fb6e-45e4-96ab-6f22416bf28b1675144348331Tshirts6.jpg",https://www.myntra.com/tshirts/highlander/highlander-men-popcorn-structured-polo-neck-t-shirt/21769236/buy
HIGHLANDER,Structured Polo Neck T-shirt,Rs. 559,"https://assets.myntassets.com/dpr_2,q_60,w_210,c_limit,fl_progressive/assets/images/21769236/2023/1/31/bbe6181b-fb6e-45e4-96ab-6f22416bf28b1675144348331Tshirts6.jpg",https://www.myntra.com/tshirts/highlander/highlander-men-popcorn-structured-polo-neck-t-shirt/21769300/buy
XYXX,Lounge Tshirts,Rs. 345,"https://assets.myntassets.com/dpr_2,q_60,w_210,c_limit,fl_progressive/assets/images/21769236/2023/1/31/bbe6181b-fb6e-45e4-96ab-6f22416bf28b1675144348331Tshirts6.jpg",https://www.myntra.com/lounge-tshirts/xyxx/xyxx-pace-ultra-breezy-super-combed-cotton-solid-crew-neck-t-shirt/32463215/buy
U.S. Polo Assn.,Solid Athleisure T-shirt,Rs. 517,"https://assets.myntassets.com/dpr_2,q_60,w_210,c_limit,fl_progressive/assets/images/21769236/2023/1/31/bbe6181b-fb6e-45e4-96ab-6f22416bf28b1675144348331Tshirts6.jpg",https://www.myntra.com/lounge-tshirts/u.s.+polo+assn./us-polo-assn-men-black-solid-round-neck-athleisure-t-shirt/9168523/buy
HERE&NOW,Men Striped Henley Neck Pure Cotton T-shirt,Rs. 505,"https://assets.myntassets.com/dpr_2,q_60,w_210,c_limit,fl_progressive/assets/images/21769236/2023/1/31/bbe6181b-fb6e-45e4-96ab-6f22416bf28b1675144348331Tshirts6.jpg",https://www.myntra.com/tshirts/here%26now/herenow-men-white--grey-striped-henley-neck-pure-cotton-t-shirt/14911250/buy
Genzy,Men Self Design Polo T-shirt,Rs. 599,"https://assets.myntassets.com/dpr_2,q_60,w_210,c_limit,fl_progressive/assets/images/21769236/2023/1/31/bbe6181b-fb6e-45e4-96ab-6f22416bf28b1675144348331Tshirts6.jpg",https://www.myntra.com/tshirts/genzy/genzy-men-self-design-polo-collar-relaxed-fit-t-shirt/32357451/buy
StyleCast,Polo Collar Applique T-shirt,Rs. 448,"https://assets.myntassets.com/dpr_2,q_60,w_210,c_limit,fl_progressive/assets/images/21769236/2023/1/31/bbe6181b-fb6e-45e4-96ab-6f22416bf28b1675144348331Tshirts6.jpg",https://www.myntra.com/tshirts/stylecast/stylecast-men-polo-collar-applique-cotton-t-shirt/30895034/buy
Arrow,Striped Polo Collar T-shirt,Rs. 799,"https://assets.myntassets.com/dpr_2,q_60,w_210,c_limit,fl_progressive/assets/images/21769236/2023/1/31/bbe6181b-fb6e-45e4-96ab-6f22416bf28b1675144348331Tshirts6.jpg",https://www.myntra.com/tshirts/arrow/arrow-striped-polo-collar-t-shirt/22174676/buy
Ducati,Men Printed T-shirt,Rs. 511,"https://assets.myntassets.com/dpr_2,q_60,w_210,c_limit,fl_progressive/assets/images/21769236/2023/1/31/bbe6181b-fb6e-45e4-96ab-6f22416bf28b1675144348331Tshirts6.jpg",https://www.myntra.com/tshirts/ducati/ducati-men-white--black-printed-t-shirt/14294602/buy
max,Pack of 2 Cotton T-shirts,No Price,"https://assets.myntassets.com/dpr_2,q_60,w_210,c_limit,fl_progressive/assets/images/21769236/2023/1/31/bbe6181b-fb6e-45e4-96ab-6f22416bf28b1675144348331Tshirts6.jpg",https://www.myntra.com/lounge-tshirts/max/max-men-pack-of-2---solid-t-shirt-/30250879/buy
Arrow,Polo Collar T-shirt,Rs. 699,"https://assets.myntassets.com/dpr_2,q_60,w_210,c_limit,fl_progressive/assets/images/21769236/2023/1/31/bbe6181b-fb6e-45e4-96ab-6f22416bf28b1675144348331Tshirts6.jpg",https://www.myntra.com/tshirts/arrow/arrow-polo-collar-t-shirt/21718042/buy
H&M,Loose Fit Printed T-shirt,Rs. 599,"https://assets.myntassets.com/dpr_2,q_60,w_210,c_limit,fl_progressive/assets/images/21769236/2023/1/31/bbe6181b-fb6e-45e4-96ab-6f22416bf28b1675144348331Tshirts6.jpg",https://www.myntra.com/tshirts/h%26m/-hm-loose-fit-printed-t-shirt/31438239/buy
max,Striped Polo Collar T-shirt,Rs. 549,"https://assets.myntassets.com/dpr_2,q_60,w_210,c_limit,fl_progressive/assets/images/21769236/2023/1/31/bbe6181b-fb6e-45e4-96ab-6f22416bf28b1675144348331Tshirts6.jpg",https://www.myntra.com/tshirts/max/max-striped-polo-collar-casual-t-shirt/26699872/buy
H&M,Pack Of 5 Pure Cotton T-Shirts,Rs. 2429,"https://assets.myntassets.com/dpr_2,q_60,w_210,c_limit,fl_progressive/assets/images/21769236/2023/1/31/bbe6181b-fb6e-45e4-96ab-6f22416bf28b1675144348331Tshirts6.jpg",https://www.myntra.com/tshirts/h%26m/hm-pack-of-5-pure-cotton-t-shirts/31438312/buy
HIGHLANDER,Men Printed Polo Collar Slim Fit T-shirt,Rs. 223,"https://assets.myntassets.com/dpr_2,q_60,w_210,c_limit,fl_progressive/assets/images/21769236/2023/1/31/bbe6181b-fb6e-45e4-96ab-6f22416bf28b1675144348331Tshirts6.jpg",https://www.myntra.com/tshirts/highlander/highlander-men-green-printed-polo-collar-slim-fit-t-shirt/18371366/buy
U.S. Polo Assn.,Men Lightweight Lounge T-shirt,Rs. 496,"https://assets.myntassets.com/dpr_2,q_60,w_210,c_limit,fl_progressive/assets/images/21769236/2023/1/31/bbe6181b-fb6e-45e4-96ab-6f22416bf28b1675144348331Tshirts6.jpg",https://www.myntra.com/lounge-tshirts/u.s.+polo+assn./us-polo-assn-men-embroidered-logo-pure-cotton-lightweight-lounge-t-shirt/22492582/buy
Roadster,Pure Cotton Relaxed T-Shirt,Rs. 271,"https://assets.myntassets.com/dpr_2,q_60,w_210,c_limit,fl_progressive/assets/images/21769236/2023/1/31/bbe6181b-fb6e-45e4-96ab-6f22416bf28b1675144348331Tshirts6.jpg",https://www.myntra.com/tshirts/roadster/the-roadster-lifestyle-co-printed-drop-shoulder-sleeves-pure-cotton-relaxed-fit-t-shirt/29575958/buy
NOBERO,Oversized Printed T-shirt,Rs. 485,"https://assets.myntassets.com/dpr_2,q_60,w_210,c_limit,fl_progressive/assets/images/21769236/2023/1/31/bbe6181b-fb6e-45e4-96ab-6f22416bf28b1675144348331Tshirts6.jpg",https://www.myntra.com/tshirts/nobero/nobero-graphic-printed-oversized-t-shirt/26858810/buy
Gavin Paris,Graphic Oversized T-shirt,Rs. 559,"https://assets.myntassets.com/dpr_2,q_60,w_210,c_limit,fl_progressive/assets/images/21769236/2023/1/31/bbe6181b-fb6e-45e4-96ab-6f22416bf28b1675144348331Tshirts6.jpg",https://www.myntra.com/tshirts/gavin+paris/gavin-paris-graphic-printed-drop-shoulder-sleeves-oversized-t-shirt/23425964/buy
Roadster,Pure Cotton Relaxed T-shirt,Rs. 233,"https://assets.myntassets.com/dpr_2,q_60,w_210,c_limit,fl_progressive/assets/images/21769236/2023/1/31/bbe6181b-fb6e-45e4-96ab-6f22416bf28b1675144348331Tshirts6.jpg",https://www.myntra.com/tshirts/roadster/the-roadster-life-co-relaxed-fit-pure-cotton-t-shirt/26043074/buy
Forca,Men Printed Cotton T-shirt,Rs. 449,"https://assets.myntassets.com/dpr_2,q_60,w_210,c_limit,fl_progressive/assets/images/21769236/2023/1/31/bbe6181b-fb6e-45e4-96ab-6f22416bf28b1675144348331Tshirts6.jpg",https://www.myntra.com/tshirts/forca/forca-men-graphic-printed-round-neck-cotton-t-shirt/32422684/buy
Kook N Keech,Solid Polo Collar T-shirt,Rs. 299,"https://assets.myntassets.com/dpr_2,q_60,w_210,c_limit,fl_progressive/assets/images/21769236/2023/1/31/bbe6181b-fb6e-45e4-96ab-6f22416bf28b1675144348331Tshirts6.jpg",https://www.myntra.com/tshirts/kook+n+keech/kook-n-keech-solid-polo-collar-pure-cotton-t-shirt/31827845/buy
Arrow,Polo Collar T-shirt,Rs. 649,"https://assets.myntassets.com/dpr_2,q_60,w_210,c_limit,fl_progressive/assets/images/21769236/2023/1/31/bbe6181b-fb6e-45e4-96ab-6f22416bf28b1675144348331Tshirts6.jpg",https://www.myntra.com/tshirts/arrow/arrow-polo-collar-t-shirt/31915818/buy
U.S. Polo Assn.,Logo Lounge T-shirts,Rs. 496,"https://assets.myntassets.com/dpr_2,q_60,w_210,c_limit,fl_progressive/assets/images/21769236/2023/1/31/bbe6181b-fb6e-45e4-96ab-6f22416bf28b1675144348331Tshirts6.jpg",https://www.myntra.com/lounge-tshirts/u.s.+polo+assn./us-polo-assn-embroidered-logo-pure-cotton-lounge-t-shirts/22492612/buy
Aeropostale,Polo Collar T-shirt,Rs. 701,"https://assets.myntassets.com/dpr_2,q_60,w_210,c_limit,fl_progressive/assets/images/21769236/2023/1/31/bbe6181b-fb6e-45e4-96ab-6f22416bf28b1675144348331Tshirts6.jpg",https://www.myntra.com/tshirts/aeropostale/aeropostale-polo-collar-t-shirt/30450340/buy
Arrow,Polo Collar T-shirt,Rs. 649,"https://assets.myntassets.com/dpr_2,q_60,w_210,c_limit,fl_progressive/assets/images/21769236/2023/1/31/bbe6181b-fb6e-45e4-96ab-6f22416bf28b1675144348331Tshirts6.jpg",https://www.myntra.com/tshirts/arrow/arrow-polo-collar-t-shirt/31915810/buy
Technosport,Men Antimicrobial Polo Collar Slim Fit T-shirt,No Price,"https://assets.myntassets.com/dpr_2,q_60,w_210,c_limit,fl_progressive/assets/images/21769236/2023/1/31/bbe6181b-fb6e-45e4-96ab-6f22416bf28b1675144348331Tshirts6.jpg",https://www.myntra.com/tshirts/technosport/technosport-men-polo-collar-antimicrobial-slim-fit-t-shirt/32415488/buy
Roadster,Pure Cotton Printed T-shirt,Rs. 479,"https://assets.myntassets.com/dpr_2,q_60,w_210,c_limit,fl_progressive/assets/images/21769236/2023/1/31/bbe6181b-fb6e-45e4-96ab-6f22416bf28b1675144348331Tshirts6.jpg",https://www.myntra.com/tshirts/roadster/the-roadster-life-co-pure-cotton-brand-logo-printed-polo-collar-t-shirt/23952598/buy
Arrow,Polo Collar T-shirt,Rs. 649,"https://assets.myntassets.com/dpr_2,q_60,w_210,c_limit,fl_progressive/assets/images/21769236/2023/1/31/bbe6181b-fb6e-45e4-96ab-6f22416bf28b1675144348331Tshirts6.jpg",https://www.myntra.com/tshirts/arrow/arrow-polo-collar-t-shirt/31915822/buy
U.S. Polo Assn. Denim Co.,Pure Cotton Slim Fit T-shirt,Rs. 549,"https://assets.myntassets.com/dpr_2,q_60,w_210,c_limit,fl_progressive/assets/images/21769236/2023/1/31/bbe6181b-fb6e-45e4-96ab-6f22416bf28b1675144348331Tshirts6.jpg",https://www.myntra.com/tshirts/u.s.+polo+assn.+denim+co./us-polo-assn-denim-co-pure-cotton-brand-logo-printed-slim-fit-t-shirt/30426961/buy
KETCH,Unisex Oversized T-shirt,Rs. 189,"https://assets.myntassets.com/dpr_2,q_60,w_210,c_limit,fl_progressive/assets/images/21769236/2023/1/31/bbe6181b-fb6e-45e4-96ab-6f22416bf28b1675144348331Tshirts6.jpg",https://www.myntra.com/tshirts/ketch/ketch-unisex-typography-printed-drop-shoulder-sleeves-oversized-t-shirt/24951624/buy
Roadster,Cotton Relaxed T-shirt,Rs. 237,"https://assets.myntassets.com/dpr_2,q_60,w_210,c_limit,fl_progressive/assets/images/21769236/2023/1/31/bbe6181b-fb6e-45e4-96ab-6f22416bf28b1675144348331Tshirts6.jpg",https://www.myntra.com/tshirts/roadster/the-roadster-lifestyle-co-printed-detail-pure-cotton-relaxed-t-shirt/26043850/buy
U.S. Polo Assn.,Lounge T-Shirt,Rs. 496,"https://assets.myntassets.com/dpr_2,q_60,w_210,c_limit,fl_progressive/assets/images/21769236/2023/1/31/bbe6181b-fb6e-45e4-96ab-6f22416bf28b1675144348331Tshirts6.jpg",https://www.myntra.com/lounge-tshirts/u.s.+polo+assn./us-polo-assn-olive-green-solid-lounge-t-shirt/2465168/buy
Mr Bowerbird,Solid Sweater Pure Cotton T-shirt,Rs. 857,"https://assets.myntassets.com/dpr_2,q_60,w_210,c_limit,fl_progressive/assets/images/21769236/2023/1/31/bbe6181b-fb6e-45e4-96ab-6f22416bf28b1675144348331Tshirts6.jpg",https://www.myntra.com/tshirts/mr+bowerbird/mr-bowerbird-men-rust-coloured-solid-tailored-fit-round-neck-sweater-pure-cotton-t-shirt/8890067/buy
HIGHLANDER,Structured Regular Fit Tshirt,Rs. 402,"https://assets.myntassets.com/dpr_2,q_60,w_210,c_limit,fl_progressive/assets/images/21769236/2023/1/31/bbe6181b-fb6e-45e4-96ab-6f22416bf28b1675144348331Tshirts6.jpg",https://www.myntra.com/tshirts/highlander/highlander-henley-neck-popcorn-structured-regular-fit-tshirt/21769352/buy
Roadster,Cotton Polo Collar T-shirt,Rs. 607,"https://assets.myntassets.com/dpr_2,q_60,w_210,c_limit,fl_progressive/assets/images/21769236/2023/1/31/bbe6181b-fb6e-45e4-96ab-6f22416bf28b1675144348331Tshirts6.jpg",https://www.myntra.com/tshirts/roadster/the-roadster-lifestyle-co-men-self-striped-polo-collar-pure-cotton-t-shirt/26042848/buy
Technosport,Cricket Slim Fit Jersey,Rs. 331,"https://assets.myntassets.com/dpr_2,q_60,w_210,c_limit,fl_progressive/assets/images/21769236/2023/1/31/bbe6181b-fb6e-45e4-96ab-6f22416bf28b1675144348331Tshirts6.jpg",https://www.myntra.com/tshirts/technosport/technosport-unisex-blue-round-neck-cricket-slim-fit-jersey/25511762/buy
U.S. Polo Assn. Denim Co.,Men Printed Polo Collar Applique Slim Fit T-shirt,Rs. 1869,"https://assets.myntassets.com/dpr_2,q_60,w_210,c_limit,fl_progressive/assets/images/21769236/2023/1/31/bbe6181b-fb6e-45e4-96ab-6f22416bf28b1675144348331Tshirts6.jpg",https://www.myntra.com/tshirts/u.s.+polo+assn.+denim+co./us-polo-assn-denim-co-men-printed-polo-collar-applique-slim-fit-t-shirt/31750932/buy
Maniac,Printed Cotton T-Shirt,Rs. 446,"https://assets.myntassets.com/dpr_2,q_60,w_210,c_limit,fl_progressive/assets/images/21769236/2023/1/31/bbe6181b-fb6e-45e4-96ab-6f22416bf28b1675144348331Tshirts6.jpg",https://www.myntra.com/tshirts/maniac/maniac-typography-printed-round-neck-raglan-half-sleeve-cotton-t-shirt/29810122/buy
Nautica,Striped Pure Cotton T-shirt,Rs. 895,"https://assets.myntassets.com/dpr_2,q_60,w_210,c_limit,fl_progressive/assets/images/21769236/2023/1/31/bbe6181b-fb6e-45e4-96ab-6f22416bf28b1675144348331Tshirts6.jpg",https://www.myntra.com/tshirts/nautica/nautica-striped-polo-collar-pure-cotton-t-shirt/8949959/buy
Park Avenue,Men Striped Polo Collar Slim Fit T-shirt,Rs. 719,"https://assets.myntassets.com/dpr_2,q_60,w_210,c_limit,fl_progressive/assets/images/21769236/2023/1/31/bbe6181b-fb6e-45e4-96ab-6f22416bf28b1675144348331Tshirts6.jpg",https://www.myntra.com/tshirts/park+avenue/park-avenue-men-striped-polo-collar-slim-fit-t-shirt/21934468/buy
Pepe Jeans,Pack Of 2 Lounge T-shirts,Rs. 558,"https://assets.myntassets.com/dpr_2,q_60,w_210,c_limit,fl_progressive/assets/images/21769236/2023/1/31/bbe6181b-fb6e-45e4-96ab-6f22416bf28b1675144348331Tshirts6.jpg",https://www.myntra.com/lounge-tshirts/pepe+jeans/pepe-jeans-pack-of-2-cotton-sleeveless-lounge-t-shirts/28519060/buy
Park Avenue,Striped Polo Slim Fit T-shirt,Rs. 644,"https://assets.myntassets.com/dpr_2,q_60,w_210,c_limit,fl_progressive/assets/images/21769236/2023/1/31/bbe6181b-fb6e-45e4-96ab-6f22416bf28b1675144348331Tshirts6.jpg",https://www.myntra.com/tshirts/park+avenue/park-avenue-striped-polo-collar-slim-fit-t-shirt/21934512/buy
HIGHLANDER,Textured Henley Neck T-shirt,Rs. 356,"https://assets.myntassets.com/dpr_2,q_60,w_210,c_limit,fl_progressive/assets/images/21769236/2023/1/31/bbe6181b-fb6e-45e4-96ab-6f22416bf28b1675144348331Tshirts6.jpg",https://www.myntra.com/tshirts/highlander/highlander-men-popcorn-structured-regular-fit-t-shirt/21769392/buy
HRX by Hrithik Roshan,Rapid-Dry Running T-shirt,Rs. 305,"https://assets.myntassets.com/dpr_2,q_60,w_210,c_limit,fl_progressive/assets/images/21769236/2023/1/31/bbe6181b-fb6e-45e4-96ab-6f22416bf28b1675144348331Tshirts6.jpg",https://www.myntra.com/tshirts/hrx+by+hrithik+roshan/hrx-by-hrithik-roshan-men-typography-printed-rapid-dry-running-t-shirt/25656816/buy
Maniac,Men Henley Neck Pockets T-shirt,Rs. 671,"https://assets.myntassets.com/dpr_2,q_60,w_210,c_limit,fl_progressive/assets/images/21769236/2023/1/31/bbe6181b-fb6e-45e4-96ab-6f22416bf28b1675144348331Tshirts6.jpg",https://www.myntra.com/tshirts/maniac/maniac-men-henley-neck-pockets-t-shirt/30521331/buy
Arrow,Pure Cotton Polo T-shirt,Rs. 749,"https://assets.myntassets.com/dpr_2,q_60,w_210,c_limit,fl_progressive/assets/images/21769236/2023/1/31/bbe6181b-fb6e-45e4-96ab-6f22416bf28b1675144348331Tshirts6.jpg",https://www.myntra.com/tshirts/arrow/arrow-polo-collar-pure-cotton-t-shirt/25474106/buy
max,Pack of 2 Cotton T-shirts,No Price,"https://assets.myntassets.com/dpr_2,q_60,w_210,c_limit,fl_progressive/assets/images/21769236/2023/1/31/bbe6181b-fb6e-45e4-96ab-6f22416bf28b1675144348331Tshirts6.jpg",https://www.myntra.com/lounge-tshirts/max/max-men-pack-of-2---solid-t-shirt-/30250883/buy
Roadster,Polo Collar T-shirt,Rs. 409,"https://assets.myntassets.com/dpr_2,q_60,w_210,c_limit,fl_progressive/assets/images/21769236/2023/1/31/bbe6181b-fb6e-45e4-96ab-6f22416bf28b1675144348331Tshirts6.jpg",https://www.myntra.com/tshirts/roadster/roadster-men-white-polo-collar-t-shirt/2303672/buy
HRX by Hrithik Roshan,Rapid-Dry Running T-shirt,Rs. 305,"https://assets.myntassets.com/dpr_2,q_60,w_210,c_limit,fl_progressive/assets/images/21769236/2023/1/31/bbe6181b-fb6e-45e4-96ab-6f22416bf28b1675144348331Tshirts6.jpg",https://www.myntra.com/tshirts/hrx+by+hrithik+roshan/hrx-by-hrithik-roshan-rapid-dry-colourblocked-sleeveless-running-t-shirt/23264282/buy
Tshirts For Men,,,,
Arrow Sport,Regular Fit Polo T-shirt,Rs. 582,"https://assets.myntassets.com/dpr_2,q_60,w_210,c_limit,fl_progressive/assets/images/29978283/2024/12/2/f2038b32-fd82-4f4d-9b4d-9002715e41261733119334261-Arrow-Sport-Men-Tshirts-911733119333873-1.jpg",https://www.myntra.com/tshirts/arrow+sport/arrow-sport-regular-fit-polo-collar-t-shirt/29978283/buy
Technosport,Colourblocked Slim Fit T-shirt,No Price,"https://assets.myntassets.com/dpr_2,q_60,w_210,c_limit,fl_progressive/assets/images/29978283/2024/12/2/f2038b32-fd82-4f4d-9b4d-9002715e41261733119334261-Arrow-Sport-Men-Tshirts-911733119333873-1.jpg",https://www.myntra.com/tshirts/technosport/technosport-colourblocked-slim-fit-t-shirt/27186474/buy
Kook N Keech,Printed Pure Cotton T-shirt,Rs. 332,"https://assets.myntassets.com/dpr_2,q_60,w_210,c_limit,fl_progressive/assets/images/29978283/2024/12/2/f2038b32-fd82-4f4d-9b4d-9002715e41261733119334261-Arrow-Sport-Men-Tshirts-911733119333873-1.jpg",https://www.myntra.com/tshirts/kook+n+keech/kook-n-keech-typography-printed-drop-shoulder-sleeves-oversized-pure-cotton-t-shirt/27506732/buy
Red Tape,Men Pure Cotton T-shirt,Rs. 539,"https://assets.myntassets.com/dpr_2,q_60,w_210,c_limit,fl_progressive/assets/images/29978283/2024/12/2/f2038b32-fd82-4f4d-9b4d-9002715e41261733119334261-Arrow-Sport-Men-Tshirts-911733119333873-1.jpg",https://www.myntra.com/tshirts/red+tape/red-tape-men-polo-collar-pure-cotton-t-shirt/21669992/buy
Roadster,Printed Relaxed Fit T-shirt,Rs. 233,"https://assets.myntassets.com/dpr_2,q_60,w_210,c_limit,fl_progressive/assets/images/29978283/2024/12/2/f2038b32-fd82-4f4d-9b4d-9002715e41261733119334261-Arrow-Sport-Men-Tshirts-911733119333873-1.jpg",https://www.myntra.com/tshirts/roadster/roadster-the-lifestyle-co-printed-detail-relaxed-fit-t-shirt/27578714/buy
U.S. Polo Assn.,Logo Lounge T-shirts,Rs. 496,"https://assets.myntassets.com/dpr_2,q_60,w_210,c_limit,fl_progressive/assets/images/29978283/2024/12/2/f2038b32-fd82-4f4d-9b4d-9002715e41261733119334261-Arrow-Sport-Men-Tshirts-911733119333873-1.jpg",https://www.myntra.com/lounge-tshirts/u.s.+polo+assn./us-polo-assn-embroidered-logo-pure-cotton-lounge-t-shirts/22492640/buy
HRX by Hrithik Roshan,Running Sleeveless T-shirt,Rs. 373,"https://assets.myntassets.com/dpr_2,q_60,w_210,c_limit,fl_progressive/assets/images/29978283/2024/12/2/f2038b32-fd82-4f4d-9b4d-9002715e41261733119334261-Arrow-Sport-Men-Tshirts-911733119333873-1.jpg",https://www.myntra.com/tshirts/hrx+by+hrithik+roshan/hrx-by-hrithik-roshan-sleeveless-ultralite-running-t-shirt/30390298/buy
Maniac,Men Striped Cotton T-shirt,Rs. 663,"https://assets.myntassets.com/dpr_2,q_60,w_210,c_limit,fl_progressive/assets/images/29978283/2024/12/2/f2038b32-fd82-4f4d-9b4d-9002715e41261733119334261-Arrow-Sport-Men-Tshirts-911733119333873-1.jpg",https://www.myntra.com/tshirts/maniac/maniac-men-striped-polo-collar-cotton-relaxed-fit-t-shirt/32247766/buy
Arrow,Polo Collar T-shirt,Rs. 623,"https://assets.myntassets.com/dpr_2,q_60,w_210,c_limit,fl_progressive/assets/images/29978283/2024/12/2/f2038b32-fd82-4f4d-9b4d-9002715e41261733119334261-Arrow-Sport-Men-Tshirts-911733119333873-1.jpg",https://www.myntra.com/tshirts/arrow/arrow-polo-collar-t-shirt/31915835/buy
HRX by Hrithik Roshan,Printed Training T-shirt,Rs. 323,"https://assets.myntassets.com/dpr_2,q_60,w_210,c_limit,fl_progressive/assets/images/29978283/2024/12/2/f2038b32-fd82-4f4d-9b4d-9002715e41261733119334261-Arrow-Sport-Men-Tshirts-911733119333873-1.jpg",https://www.myntra.com/tshirts/hrx+by+hrithik+roshan/hrx-by-hrithik-roshan-brand-logo-printed-rapid-dry-antimicrobial-finish-training-t-shirt/28985568/buy
max,Pack of 2 Cotton T-shirts,Rs. 636,"https://assets.myntassets.com/dpr_2,q_60,w_210,c_limit,fl_progressive/assets/images/29978283/2024/12/2/f2038b32-fd82-4f4d-9b4d-9002715e41261733119334261-Arrow-Sport-Men-Tshirts-911733119333873-1.jpg",https://www.myntra.com/lounge-tshirts/max/max-men-solid-t-shirt---pack-of-2/30250871/buy
Maniac,Striped Polo Collar T-shirt,Rs. 767,"https://assets.myntassets.com/dpr_2,q_60,w_210,c_limit,fl_progressive/assets/images/29978283/2024/12/2/f2038b32-fd82-4f4d-9b4d-9002715e41261733119334261-Arrow-Sport-Men-Tshirts-911733119333873-1.jpg",https://www.myntra.com/tshirts/maniac/maniac-men-striped-polo-collar-pockets-t-shirt/30521329/buy
Jack & Jones,Henley Neck Slim Fit T-shirt,Rs. 1749,"https://assets.myntassets.com/dpr_2,q_60,w_210,c_limit,fl_progressive/assets/images/29978283/2024/12/2/f2038b32-fd82-4f4d-9b4d-9002715e41261733119334261-Arrow-Sport-Men-Tshirts-911733119333873-1.jpg",https://www.myntra.com/tshirts/jack+%26+jones/jack--jones-henley-neck-slim-fit-t-shirt/26243296/buy
HRX by Hrithik Roshan,Men Typography Printed T-shirt,Rs. 389,"https://assets.myntassets.com/dpr_2,q_60,w_210,c_limit,fl_progressive/assets/images/29978283/2024/12/2/f2038b32-fd82-4f4d-9b4d-9002715e41261733119334261-Arrow-Sport-Men-Tshirts-911733119333873-1.jpg",https://www.myntra.com/tshirts/hrx+by+hrithik+roshan/hrx-by-hrithik-roshan-men-typography-printed-pure-cotton-t-shirt/27444088/buy
Roadster,Men Polo Collar T-shirt,Rs. 399,"https://assets.myntassets.com/dpr_2,q_60,w_210,c_limit,fl_progressive/assets/images/29978283/2024/12/2/f2038b32-fd82-4f4d-9b4d-9002715e41261733119334261-Arrow-Sport-Men-Tshirts-911733119333873-1.jpg",https://www.myntra.com/tshirts/roadster/roadster-men-polo-collar-t-shirt/29827356/buy
WROGN,Pure Cotton Striped T-shirt,Rs. 832,"https://assets.myntassets.com/dpr_2,q_60,w_210,c_limit,fl_progressive/assets/images/29978283/2024/12/2/f2038b32-fd82-4f4d-9b4d-9002715e41261733119334261-Arrow-Sport-Men-Tshirts-911733119333873-1.jpg",https://www.myntra.com/tshirts/wrogn/wrogn-pure-cotton-striped-polo-collar-t-shirt/29554438/buy
Roadster,Men Striped Polo T-shirt,Rs. 419,"https://assets.myntassets.com/dpr_2,q_60,w_210,c_limit,fl_progressive/assets/images/29978283/2024/12/2/f2038b32-fd82-4f4d-9b4d-9002715e41261733119334261-Arrow-Sport-Men-Tshirts-911733119333873-1.jpg",https://www.myntra.com/tshirts/roadster/roadster-men-blue--white-striped-polo-collar-t-shirt/16996684/buy
Jack & Jones,Men Solid Lounge T-shirt,Rs. 419,"https://assets.myntassets.com/dpr_2,q_60,w_210,c_limit,fl_progressive/assets/images/29978283/2024/12/2/f2038b32-fd82-4f4d-9b4d-9002715e41261733119334261-Arrow-Sport-Men-Tshirts-911733119333873-1.jpg",https://www.myntra.com/lounge-tshirts/jack+%26+jones/jack--jones-men-navy-blue-solid-cotton-lounge-t-shirt/18389666/buy
Roadster,Men Solid Polo Collar T-shirt,Rs. 350,"https://assets.myntassets.com/dpr_2,q_60,w_210,c_limit,fl_progressive/assets/images/29978283/2024/12/2/f2038b32-fd82-4f4d-9b4d-9002715e41261733119334261-Arrow-Sport-Men-Tshirts-911733119333873-1.jpg",https://www.myntra.com/tshirts/roadster/roadster-men-green-and-white-polo-collar-t-shirt-with-printed-stripes/12121366/buy
Roadster,Men Printed Cotton T-shirt,Rs. 413,"https://assets.myntassets.com/dpr_2,q_60,w_210,c_limit,fl_progressive/assets/images/29978283/2024/12/2/f2038b32-fd82-4f4d-9b4d-9002715e41261733119334261-Arrow-Sport-Men-Tshirts-911733119333873-1.jpg",https://www.myntra.com/tshirts/roadster/roadster-men-navy-blue--black-printed-pure-cotton-t-shirt/18489048/buy
Mast & Harbour,Men Polo Collar T-shirt,Rs. 575,"https://assets.myntassets.com/dpr_2,q_60,w_210,c_limit,fl_progressive/assets/images/29978283/2024/12/2/f2038b32-fd82-4f4d-9b4d-9002715e41261733119334261-Arrow-Sport-Men-Tshirts-911733119333873-1.jpg",https://www.myntra.com/tshirts/mast+%26+harbour/mast--harbour-men-abstract-polo-collar-t-shirt/26162830/buy
Technosport,Polo Collar T-shirt,No Price,"https://assets.myntassets.com/dpr_2,q_60,w_210,c_limit,fl_progressive/assets/images/29978283/2024/12/2/f2038b32-fd82-4f4d-9b4d-9002715e41261733119334261-Arrow-Sport-Men-Tshirts-911733119333873-1.jpg",https://www.myntra.com/tshirts/technosport/technosport-colourblocked-polo-collar-antimicrobial-t-shirt/22172204/buy
U.S. Polo Assn.,Pure Cotton Lounge T-shirt,Rs. 496,"https://assets.myntassets.com/dpr_2,q_60,w_210,c_limit,fl_progressive/assets/images/29978283/2024/12/2/f2038b32-fd82-4f4d-9b4d-9002715e41261733119334261-Arrow-Sport-Men-Tshirts-911733119333873-1.jpg",https://www.myntra.com/lounge-tshirts/u.s.+polo+assn./us-polo-assn-round-neck-pure-cotton-lounge-t-shirt/9917865/buy
Roadster,Pure Cotton Relaxed T-shirt,Rs. 255,"https://assets.myntassets.com/dpr_2,q_60,w_210,c_limit,fl_progressive/assets/images/29978283/2024/12/2/f2038b32-fd82-4f4d-9b4d-9002715e41261733119334261-Arrow-Sport-Men-Tshirts-911733119333873-1.jpg",https://www.myntra.com/tshirts/roadster/the-roadster-lifestyle-co-pure-cotton-relaxed-t-shirt/29576076/buy
Kook N Keech,Oversized T-shirt,Rs. 350,"https://assets.myntassets.com/dpr_2,q_60,w_210,c_limit,fl_progressive/assets/images/29978283/2024/12/2/f2038b32-fd82-4f4d-9b4d-9002715e41261733119334261-Arrow-Sport-Men-Tshirts-911733119333873-1.jpg",https://www.myntra.com/tshirts/kook+n+keech/kook-n-keech-colourblocked-drop-shoulder-sleeves-pure-cotton-oversized-t-shirt/29431420/buy
max,Pack of 3 Cotton T-shirts,Rs. 636,"https://assets.myntassets.com/dpr_2,q_60,w_210,c_limit,fl_progressive/assets/images/29978283/2024/12/2/f2038b32-fd82-4f4d-9b4d-9002715e41261733119334261-Arrow-Sport-Men-Tshirts-911733119333873-1.jpg",https://www.myntra.com/lounge-tshirts/max/max-men-solid-t-shirt---pack-of-2/30250884/buy
Roadster,Men Henley Neck T-shirt,Rs. 339,"https://assets.myntassets.com/dpr_2,q_60,w_210,c_limit,fl_progressive/assets/images/29978283/2024/12/2/f2038b32-fd82-4f4d-9b4d-9002715e41261733119334261-Arrow-Sport-Men-Tshirts-911733119333873-1.jpg",https://www.myntra.com/tshirts/roadster/the-roadster-lifestyle-co-men-self-design-henley-neck-t-shirt/21422878/buy
Roadster,Relaxed Fit Cotton T-shirt,Rs. 247,"https://assets.myntassets.com/dpr_2,q_60,w_210,c_limit,fl_progressive/assets/images/29978283/2024/12/2/f2038b32-fd82-4f4d-9b4d-9002715e41261733119334261-Arrow-Sport-Men-Tshirts-911733119333873-1.jpg",https://www.myntra.com/tshirts/roadster/the-roadster-lifestyle-co-men-typography-printed-relaxed-fit-pure-cotton-t-shirt/30401902/buy
INVICTUS,Geometric Printed Polo T-shirt,Rs. 407,"https://assets.myntassets.com/dpr_2,q_60,w_210,c_limit,fl_progressive/assets/images/29978283/2024/12/2/f2038b32-fd82-4f4d-9b4d-9002715e41261733119334261-Arrow-Sport-Men-Tshirts-911733119333873-1.jpg",https://www.myntra.com/tshirts/invictus/invictus-geometric-printed-polo-collar-t-shirt/21127522/buy
Mast & Harbour,Floral Printed Polo T-shirt,Rs. 383,"https://assets.myntassets.com/dpr_2,q_60,w_210,c_limit,fl_progressive/assets/images/29978283/2024/12/2/f2038b32-fd82-4f4d-9b4d-9002715e41261733119334261-Arrow-Sport-Men-Tshirts-911733119333873-1.jpg",https://www.myntra.com/tshirts/mast+%26+harbour/mast--harbour-floral-printed-polo-collar-t-shirt/27196432/buy
Mast & Harbour,Printed Polo Collar T-shirt,Rs. 376,"https://assets.myntassets.com/dpr_2,q_60,w_210,c_limit,fl_progressive/assets/images/29978283/2024/12/2/f2038b32-fd82-4f4d-9b4d-9002715e41261733119334261-Arrow-Sport-Men-Tshirts-911733119333873-1.jpg",https://www.myntra.com/tshirts/mast+%26+harbour/mast--harbour-men-white-printed-cotton-polo-collar-t-shirt/12552016/buy
Maniac,Typography Printed T-shirt,Rs. 636,"https://assets.myntassets.com/dpr_2,q_60,w_210,c_limit,fl_progressive/assets/images/29978283/2024/12/2/f2038b32-fd82-4f4d-9b4d-9002715e41261733119334261-Arrow-Sport-Men-Tshirts-911733119333873-1.jpg",https://www.myntra.com/tshirts/maniac/maniac-printed-cotton-oversized-t-shirt/27096906/buy
ONN,Men Polo Collar T-shirt,Rs. 543,"https://assets.myntassets.com/dpr_2,q_60,w_210,c_limit,fl_progressive/assets/images/29978283/2024/12/2/f2038b32-fd82-4f4d-9b4d-9002715e41261733119334261-Arrow-Sport-Men-Tshirts-911733119333873-1.jpg",https://www.myntra.com/tshirts/onn/onn-men-grey-melange-polo-collar-t-shirt/18996016/buy
Roadster,Cotton Printed Polo T-shirt,Rs. 395,"https://assets.myntassets.com/dpr_2,q_60,w_210,c_limit,fl_progressive/assets/images/29978283/2024/12/2/f2038b32-fd82-4f4d-9b4d-9002715e41261733119334261-Arrow-Sport-Men-Tshirts-911733119333873-1.jpg",https://www.myntra.com/tshirts/roadster/the-roadster-lifestyle-co-pure-cotton-printed-polo-collar-t-shirt/29555510/buy
Pepe Jeans,Cotton Lounge T-shirt,Rs. 382,"https://assets.myntassets.com/dpr_2,q_60,w_210,c_limit,fl_progressive/assets/images/29978283/2024/12/2/f2038b32-fd82-4f4d-9b4d-9002715e41261733119334261-Arrow-Sport-Men-Tshirts-911733119333873-1.jpg",https://www.myntra.com/lounge-tshirts/pepe+jeans/pepe-jeans-cotton-sleeveless-lounge-t-shirt/28526204/buy
max,Striped Regular Fit T-shirt,Rs. 549,"https://assets.myntassets.com/dpr_2,q_60,w_210,c_limit,fl_progressive/assets/images/29978283/2024/12/2/f2038b32-fd82-4f4d-9b4d-9002715e41261733119334261-Arrow-Sport-Men-Tshirts-911733119333873-1.jpg",https://www.myntra.com/tshirts/max/max-striped-polo-collar-short-sleeves-regular-fit-t-shirt/28003754/buy
Maniac,Men Self Design Cotton T-shirt,Rs. 699,"https://assets.myntassets.com/dpr_2,q_60,w_210,c_limit,fl_progressive/assets/images/29978283/2024/12/2/f2038b32-fd82-4f4d-9b4d-9002715e41261733119334261-Arrow-Sport-Men-Tshirts-911733119333873-1.jpg",https://www.myntra.com/tshirts/maniac/maniac-men-self-design-polo-collar-cotton-relaxed-fit-t-shirt/32247763/buy
Mast & Harbour,Textured Applique Polo T-shirt,Rs. 337,"https://assets.myntassets.com/dpr_2,q_60,w_210,c_limit,fl_progressive/assets/images/29978283/2024/12/2/f2038b32-fd82-4f4d-9b4d-9002715e41261733119334261-Arrow-Sport-Men-Tshirts-911733119333873-1.jpg",https://www.myntra.com/tshirts/mast+%26+harbour/mast--harbour-men-polo-collar-textured-applique-t-shirt/29947465/buy
R.Code by The Roadster Life Co.,Men Polo Collar T-shirt,Rs. 369,"https://assets.myntassets.com/dpr_2,q_60,w_210,c_limit,fl_progressive/assets/images/29978283/2024/12/2/f2038b32-fd82-4f4d-9b4d-9002715e41261733119334261-Arrow-Sport-Men-Tshirts-911733119333873-1.jpg",https://www.myntra.com/tshirts/r.code+by+the+roadster+life+co./rcode-by-the-roadster-life-co-men-solid-polo-collar-t-shirt/25348564/buy
Allen Solly,Polo Collar T-shirt,Rs. 818,"https://assets.myntassets.com/dpr_2,q_60,w_210,c_limit,fl_progressive/assets/images/29978283/2024/12/2/f2038b32-fd82-4f4d-9b4d-9002715e41261733119334261-Arrow-Sport-Men-Tshirts-911733119333873-1.jpg",https://www.myntra.com/tshirts/allen+solly/allen-solly-men-polo-collar-t-shirt/31355868/buy
HIGHLANDER,Structured Oversized T-shirt,Rs. 469,"https://assets.myntassets.com/dpr_2,q_60,w_210,c_limit,fl_progressive/assets/images/29978283/2024/12/2/f2038b32-fd82-4f4d-9b4d-9002715e41261733119334261-Arrow-Sport-Men-Tshirts-911733119333873-1.jpg",https://www.myntra.com/tshirts/highlander/highlander-men-popcorn-structured-oversized-t-shirt/22618092/buy
HRX by Hrithik Roshan,Rapid-Dry Training T-shirt,Rs. 341,"https://assets.myntassets.com/dpr_2,q_60,w_210,c_limit,fl_progressive/assets/images/29978283/2024/12/2/f2038b32-fd82-4f4d-9b4d-9002715e41261733119334261-Arrow-Sport-Men-Tshirts-911733119333873-1.jpg",https://www.myntra.com/tshirts/hrx+by+hrithik+roshan/hrx-by-hrithik-roshan-rapid-dry-printed-training-t-shirt/28619140/buy
Mast & Harbour,Striped Round Neck T-shirt,Rs. 323,"https://assets.myntassets.com/dpr_2,q_60,w_210,c_limit,fl_progressive/assets/images/29978283/2024/12/2/f2038b32-fd82-4f4d-9b4d-9002715e41261733119334261-Arrow-Sport-Men-Tshirts-911733119333873-1.jpg",https://www.myntra.com/tshirts/mast+%26+harbour/mast--harbour-men-pink--white-striped-round-neck-t-shirt/11700098/buy
Ducati,Cotton Relaxed T-shirt,Rs. 494,"https://assets.myntassets.com/dpr_2,q_60,w_210,c_limit,fl_progressive/assets/images/29978283/2024/12/2/f2038b32-fd82-4f4d-9b4d-9002715e41261733119334261-Arrow-Sport-Men-Tshirts-911733119333873-1.jpg",https://www.myntra.com/tshirts/ducati/ducati-brand-logo-drop-shoulder-sleeves-pure-cotton-relaxed-t-shirt/27632294/buy
Mast & Harbour,Printed Relaxed T-shirt,Rs. 323,"https://assets.myntassets.com/dpr_2,q_60,w_210,c_limit,fl_progressive/assets/images/29978283/2024/12/2/f2038b32-fd82-4f4d-9b4d-9002715e41261733119334261-Arrow-Sport-Men-Tshirts-911733119333873-1.jpg",https://www.myntra.com/tshirts/mast+%26+harbour/mast--harbour-printed-relaxed-t-shirt/29947518/buy
Being Human,Floral Printed T-shirt,Rs. 332,"https://assets.myntassets.com/dpr_2,q_60,w_210,c_limit,fl_progressive/assets/images/29978283/2024/12/2/f2038b32-fd82-4f4d-9b4d-9002715e41261733119334261-Arrow-Sport-Men-Tshirts-911733119333873-1.jpg",https://www.myntra.com/tshirts/being+human/being-human-floral-printed-pure-cotton-t-shirt/31355048/buy
U.S. Polo Assn.,Long Sleeves Cotton T-shirt,Rs. 664,"https://assets.myntassets.com/dpr_2,q_60,w_210,c_limit,fl_progressive/assets/images/29978283/2024/12/2/f2038b32-fd82-4f4d-9b4d-9002715e41261733119334261-Arrow-Sport-Men-Tshirts-911733119333873-1.jpg",https://www.myntra.com/lounge-tshirts/u.s.+polo+assn./us-polo-assn-round-neck-long-sleeves-pure-cotton-i693-lounge-t-shirt-/25781706/buy
HIGHLANDER,Men Polo Collar Slim Fit T-shirt,Rs. 333,"https://assets.myntassets.com/dpr_2,q_60,w_210,c_limit,fl_progressive/assets/images/29978283/2024/12/2/f2038b32-fd82-4f4d-9b4d-9002715e41261733119334261-Arrow-Sport-Men-Tshirts-911733119333873-1.jpg",https://www.myntra.com/tshirts/highlander/highlander-men-yellow-polo-collar-slim-fit-t-shirt/20838780/buy
Aeropostale,Cotton Polo Collar T-shirt,Rs. 701,"https://assets.myntassets.com/dpr_2,q_60,w_210,c_limit,fl_progressive/assets/images/29978283/2024/12/2/f2038b32-fd82-4f4d-9b4d-9002715e41261733119334261-Arrow-Sport-Men-Tshirts-911733119333873-1.jpg",https://www.myntra.com/tshirts/aeropostale/aeropostale-pure-cotton-polo-collar-t-shirt/30702421/buy
Kook N Keech,Men Polo Collar T-shirt,Rs. 359,"https://assets.myntassets.com/dpr_2,q_60,w_210,c_limit,fl_progressive/assets/images/29978283/2024/12/2/f2038b32-fd82-4f4d-9b4d-9002715e41261733119334261-Arrow-Sport-Men-Tshirts-911733119333873-1.jpg",https://www.myntra.com/tshirts/kook+n+keech/kook-n-keech-men-polo-collar-pure-cotton-t-shirt/31596025/buy
Tshirts For Men,,,,
Mast & Harbour,Men Pure Cotton T-shirt,Rs. 300,"https://assets.myntassets.com/dpr_2,q_60,w_210,c_limit,fl_progressive/assets/images/16315180/2022/4/19/9c3c7f01-0f7f-4863-ae4a-003d2214c0541650352060017-Mast--Harbour-Men-Tshirts-4271650352059480-1.jpg",https://www.myntra.com/tshirts/mast+%26+harbour/mast--harbour-men-black-pure-cotton-t-shirt/16315180/buy
Snitch,Polo Collar Slim Fit T-shirt,Rs. 739,"https://assets.myntassets.com/dpr_2,q_60,w_210,c_limit,fl_progressive/assets/images/16315180/2022/4/19/9c3c7f01-0f7f-4863-ae4a-003d2214c0541650352060017-Mast--Harbour-Men-Tshirts-4271650352059480-1.jpg",https://www.myntra.com/tshirts/snitch/snitch-mauve-polo-collar-short-sleeves-slim-fit-t-shirt/29421872/buy
Roadster,Striped Polo Collar T-shirt,Rs. 539,"https://assets.myntassets.com/dpr_2,q_60,w_210,c_limit,fl_progressive/assets/images/16315180/2022/4/19/9c3c7f01-0f7f-4863-ae4a-003d2214c0541650352060017-Mast--Harbour-Men-Tshirts-4271650352059480-1.jpg",https://www.myntra.com/tshirts/roadster/the-roadster-lifestyle-co-striped-polo-collar-t-shirt/29701584/buy
Mast & Harbour,Polo Collar T-shirt,Rs. 340,"https://assets.myntassets.com/dpr_2,q_60,w_210,c_limit,fl_progressive/assets/images/16315180/2022/4/19/9c3c7f01-0f7f-4863-ae4a-003d2214c0541650352060017-Mast--Harbour-Men-Tshirts-4271650352059480-1.jpg",https://www.myntra.com/tshirts/mast+%26+harbour/mast--harbour-polo-collar-t-shirt/26571082/buy
HRX by Hrithik Roshan,Men Rapid-Dry Running T-Shirt,Rs. 335,"https://assets.myntassets.com/dpr_2,q_60,w_210,c_limit,fl_progressive/assets/images/16315180/2022/4/19/9c3c7f01-0f7f-4863-ae4a-003d2214c0541650352060017-Mast--Harbour-Men-Tshirts-4271650352059480-1.jpg",https://www.myntra.com/tshirts/hrx+by+hrithik+roshan/hrx-by-hrithik-roshan-men--maroon-running-rapid-dry-t-shirts/18657960/buy
HIGHLANDER,Men Printed Slim Fit T-shirt,Rs. 202,"https://assets.myntassets.com/dpr_2,q_60,w_210,c_limit,fl_progressive/assets/images/16315180/2022/4/19/9c3c7f01-0f7f-4863-ae4a-003d2214c0541650352060017-Mast--Harbour-Men-Tshirts-4271650352059480-1.jpg",https://www.myntra.com/tshirts/highlander/highlander-men-green-printed-slim-fit-cotton--t-shirt/19611286/buy
Kook N Keech,Men Tie and Dye Printed Loose T-shirt,Rs. 275,"https://assets.myntassets.com/dpr_2,q_60,w_210,c_limit,fl_progressive/assets/images/16315180/2022/4/19/9c3c7f01-0f7f-4863-ae4a-003d2214c0541650352060017-Mast--Harbour-Men-Tshirts-4271650352059480-1.jpg",https://www.myntra.com/tshirts/kook+n+keech/kook-n-keech-tie-and-dye-printed-pure-cotton-loose-t-shirt/21665258/buy
DAMENSCH,Colourblock Cotton Tank Top,Rs. 647,"https://assets.myntassets.com/dpr_2,q_60,w_210,c_limit,fl_progressive/assets/images/16315180/2022/4/19/9c3c7f01-0f7f-4863-ae4a-003d2214c0541650352060017-Mast--Harbour-Men-Tshirts-4271650352059480-1.jpg",https://www.myntra.com/lounge-tshirts/damensch/damensch-men-colourblocked-cotton-tank-t-shirt/22879688/buy
Urbano Fashion,Slim Tropical Printed Pure Cotton T-shirt,Rs. 307,"https://assets.myntassets.com/dpr_2,q_60,w_210,c_limit,fl_progressive/assets/images/16315180/2022/4/19/9c3c7f01-0f7f-4863-ae4a-003d2214c0541650352060017-Mast--Harbour-Men-Tshirts-4271650352059480-1.jpg",https://www.myntra.com/tshirts/urbano+fashion/urbano-fashion-men-teal-green-slim-fit-tropical-printed-pure-cotton-t-shirt/12377258/buy
Roadster,Printed Relaxed Fit T-shirt,Rs. 257,"https://assets.myntassets.com/dpr_2,q_60,w_210,c_limit,fl_progressive/assets/images/16315180/2022/4/19/9c3c7f01-0f7f-4863-ae4a-003d2214c0541650352060017-Mast--Harbour-Men-Tshirts-4271650352059480-1.jpg",https://www.myntra.com/tshirts/roadster/roadster-the-lifestyle-co-printed-detail-relaxed-fit-t-shirt/27578786/buy
H&M,Textured Jersey Shirt,No Price,"https://assets.myntassets.com/dpr_2,q_60,w_210,c_limit,fl_progressive/assets/images/16315180/2022/4/19/9c3c7f01-0f7f-4863-ae4a-003d2214c0541650352060017-Mast--Harbour-Men-Tshirts-4271650352059480-1.jpg",https://www.myntra.com/tshirts/h%26m/hm-textured-jersey-shirt/31378746/buy
Roadster,Men Cotton Polo Collar T-shirt,Rs. 384,"https://assets.myntassets.com/dpr_2,q_60,w_210,c_limit,fl_progressive/assets/images/16315180/2022/4/19/9c3c7f01-0f7f-4863-ae4a-003d2214c0541650352060017-Mast--Harbour-Men-Tshirts-4271650352059480-1.jpg",https://www.myntra.com/tshirts/roadster/the-roadster-lifestyle-co-men-solid-polo-collar-cotton-t-shirt/21422874/buy
Roadster,Pure Cotton Printed T-shirt,Rs. 305,"https://assets.myntassets.com/dpr_2,q_60,w_210,c_limit,fl_progressive/assets/images/16315180/2022/4/19/9c3c7f01-0f7f-4863-ae4a-003d2214c0541650352060017-Mast--Harbour-Men-Tshirts-4271650352059480-1.jpg",https://www.myntra.com/tshirts/roadster/roadster-the-lifestyle-co-pure-cotton-typography-printed-t-shirt/30162648/buy
Arrow,Polo Collar T-shirt,Rs. 623,"https://assets.myntassets.com/dpr_2,q_60,w_210,c_limit,fl_progressive/assets/images/16315180/2022/4/19/9c3c7f01-0f7f-4863-ae4a-003d2214c0541650352060017-Mast--Harbour-Men-Tshirts-4271650352059480-1.jpg",https://www.myntra.com/tshirts/arrow/arrow-polo-collar-t-shirt/31915807/buy
Roadster,Henley Neck Cotton T-shirt,Rs. 300,"https://assets.myntassets.com/dpr_2,q_60,w_210,c_limit,fl_progressive/assets/images/16315180/2022/4/19/9c3c7f01-0f7f-4863-ae4a-003d2214c0541650352060017-Mast--Harbour-Men-Tshirts-4271650352059480-1.jpg",https://www.myntra.com/tshirts/roadster/the-roadster-lifestyle-co-henley-neck-pure-cotton-t-shirt/21422866/buy
max,Polo Collar Casual T-shirt,No Price,"https://assets.myntassets.com/dpr_2,q_60,w_210,c_limit,fl_progressive/assets/images/16315180/2022/4/19/9c3c7f01-0f7f-4863-ae4a-003d2214c0541650352060017-Mast--Harbour-Men-Tshirts-4271650352059480-1.jpg",https://www.myntra.com/tshirts/max/max-polo-collar-casual-t-shirt/26699882/buy
Being Human,Pure Cotton T-Shirt,Rs. 359,"https://assets.myntassets.com/dpr_2,q_60,w_210,c_limit,fl_progressive/assets/images/16315180/2022/4/19/9c3c7f01-0f7f-4863-ae4a-003d2214c0541650352060017-Mast--Harbour-Men-Tshirts-4271650352059480-1.jpg",https://www.myntra.com/tshirts/being+human/being-human-crew-neck-pure-cotton-t-shirt/31355067/buy
Roadster,Relaxed Fit T-shirt,Rs. 251,"https://assets.myntassets.com/dpr_2,q_60,w_210,c_limit,fl_progressive/assets/images/16315180/2022/4/19/9c3c7f01-0f7f-4863-ae4a-003d2214c0541650352060017-Mast--Harbour-Men-Tshirts-4271650352059480-1.jpg",https://www.myntra.com/tshirts/roadster/the-roadster-lifestyle-co-round-neck-drop-shoulder-sleeves-relaxed-fit-t-shirt/27578932/buy
Roadster,Pure Cotton Relaxed T-Shirt,Rs. 271,"https://assets.myntassets.com/dpr_2,q_60,w_210,c_limit,fl_progressive/assets/images/16315180/2022/4/19/9c3c7f01-0f7f-4863-ae4a-003d2214c0541650352060017-Mast--Harbour-Men-Tshirts-4271650352059480-1.jpg",https://www.myntra.com/tshirts/roadster/the-roadster-lifestyle-co-printed-pure-cotton-relaxed-fit-t-shirt/29701396/buy
Roadster,Polo Neck Short Sleeve T-Shirt,Rs. 379,"https://assets.myntassets.com/dpr_2,q_60,w_210,c_limit,fl_progressive/assets/images/16315180/2022/4/19/9c3c7f01-0f7f-4863-ae4a-003d2214c0541650352060017-Mast--Harbour-Men-Tshirts-4271650352059480-1.jpg",https://www.myntra.com/tshirts/roadster/the-roadster-lifestyle-co-polo-neck-short-sleeve-t-shirt/31757034/buy
KETCH,Solid Oversized T-Shirt,Rs. 299,"https://assets.myntassets.com/dpr_2,q_60,w_210,c_limit,fl_progressive/assets/images/16315180/2022/4/19/9c3c7f01-0f7f-4863-ae4a-003d2214c0541650352060017-Mast--Harbour-Men-Tshirts-4271650352059480-1.jpg",https://www.myntra.com/tshirts/ketch/ketch-popcorn-structured-drop-shoulder-sleeves-oversized-t-shirt/22591356/buy
Aeropostale,Pure Cotton T-shirt,Rs. 619,"https://assets.myntassets.com/dpr_2,q_60,w_210,c_limit,fl_progressive/assets/images/16315180/2022/4/19/9c3c7f01-0f7f-4863-ae4a-003d2214c0541650352060017-Mast--Harbour-Men-Tshirts-4271650352059480-1.jpg",https://www.myntra.com/tshirts/aeropostale/aeropostale-mandarin-collar-pure-cotton-t-shirt/30390515/buy
Sztori,Plus Size Pure Cotton T-shirt,Rs. 329,"https://assets.myntassets.com/dpr_2,q_60,w_210,c_limit,fl_progressive/assets/images/16315180/2022/4/19/9c3c7f01-0f7f-4863-ae4a-003d2214c0541650352060017-Mast--Harbour-Men-Tshirts-4271650352059480-1.jpg",https://www.myntra.com/tshirts/sztori/sztori-men-plus-size-solid-pure-cotton-t-shirt/16345648/buy
HRX by Hrithik Roshan,Rapid-Dry Training T-shirt,Rs. 359,"https://assets.myntassets.com/dpr_2,q_60,w_210,c_limit,fl_progressive/assets/images/16315180/2022/4/19/9c3c7f01-0f7f-4863-ae4a-003d2214c0541650352060017-Mast--Harbour-Men-Tshirts-4271650352059480-1.jpg",https://www.myntra.com/tshirts/hrx+by+hrithik+roshan/hrx-by-hrithik-roshan-rapid-dry-printed-training-t-shirt/28619304/buy
HRX by Hrithik Roshan,Printed Training T-shirt,Rs. 265,"https://assets.myntassets.com/dpr_2,q_60,w_210,c_limit,fl_progressive/assets/images/16315180/2022/4/19/9c3c7f01-0f7f-4863-ae4a-003d2214c0541650352060017-Mast--Harbour-Men-Tshirts-4271650352059480-1.jpg",https://www.myntra.com/tshirts/hrx+by+hrithik+roshan/hrx-by-hrithik-roshan-brand-logo-printed-training-t-shirt/28619298/buy
HERE&NOW,Polo Collar T-shirt,Rs. 389,"https://assets.myntassets.com/dpr_2,q_60,w_210,c_limit,fl_progressive/assets/images/16315180/2022/4/19/9c3c7f01-0f7f-4863-ae4a-003d2214c0541650352060017-Mast--Harbour-Men-Tshirts-4271650352059480-1.jpg",https://www.myntra.com/tshirts/here%26now/herenow-self-design-polo-collar-t-shirt/30829043/buy
Mast & Harbour,Printed Pure Cotton T-shirt,Rs. 337,"https://assets.myntassets.com/dpr_2,q_60,w_210,c_limit,fl_progressive/assets/images/16315180/2022/4/19/9c3c7f01-0f7f-4863-ae4a-003d2214c0541650352060017-Mast--Harbour-Men-Tshirts-4271650352059480-1.jpg",https://www.myntra.com/tshirts/mast+%26+harbour/mast--harbour-typography-printed-drop-shoulder-sleeves-oversized-pure-cotton-t-shirt/30290782/buy
Roadster,Relaxed Fit Cotton T-shirt,Rs. 239,"https://assets.myntassets.com/dpr_2,q_60,w_210,c_limit,fl_progressive/assets/images/16315180/2022/4/19/9c3c7f01-0f7f-4863-ae4a-003d2214c0541650352060017-Mast--Harbour-Men-Tshirts-4271650352059480-1.jpg",https://www.myntra.com/tshirts/roadster/the-roadster-lifestyle-co-printed-relaxed-fit-pure-cotton-t-shirt/30162633/buy
Kook N Keech,Men Striped Polo Collar T-shirt,Rs. 374,"https://assets.myntassets.com/dpr_2,q_60,w_210,c_limit,fl_progressive/assets/images/16315180/2022/4/19/9c3c7f01-0f7f-4863-ae4a-003d2214c0541650352060017-Mast--Harbour-Men-Tshirts-4271650352059480-1.jpg",https://www.myntra.com/tshirts/kook+n+keech/kook-n-keech-men-striped-polo-collar-t-shirt/31322719/buy
HRX by Hrithik Roshan,Rapid-Dry Training T-shirt,Rs. 323,"https://assets.myntassets.com/dpr_2,q_60,w_210,c_limit,fl_progressive/assets/images/16315180/2022/4/19/9c3c7f01-0f7f-4863-ae4a-003d2214c0541650352060017-Mast--Harbour-Men-Tshirts-4271650352059480-1.jpg",https://www.myntra.com/tshirts/hrx+by+hrithik+roshan/hrx-by-hrithik-roshan-typography-printed-rapid-dry-training-t-shirt/23264266/buy
Nautica,Brand Logo Cotton Polo T-shirt,Rs. 836,"https://assets.myntassets.com/dpr_2,q_60,w_210,c_limit,fl_progressive/assets/images/16315180/2022/4/19/9c3c7f01-0f7f-4863-ae4a-003d2214c0541650352060017-Mast--Harbour-Men-Tshirts-4271650352059480-1.jpg",https://www.myntra.com/tshirts/nautica/nautica-men-brand-logo-printed-polo-collar-pure-cotton-t-shirt/28607528/buy
KETCH,Structured Over Sized Tshirt,Rs. 299,"https://assets.myntassets.com/dpr_2,q_60,w_210,c_limit,fl_progressive/assets/images/16315180/2022/4/19/9c3c7f01-0f7f-4863-ae4a-003d2214c0541650352060017-Mast--Harbour-Men-Tshirts-4271650352059480-1.jpg",https://www.myntra.com/tshirts/ketch/ketch-men-popcorn-structured-over-sized-t-shirt/22617956/buy
HIGHLANDER,Men Typography Printed Slim Fit T-shirt,Rs. 207,"https://assets.myntassets.com/dpr_2,q_60,w_210,c_limit,fl_progressive/assets/images/16315180/2022/4/19/9c3c7f01-0f7f-4863-ae4a-003d2214c0541650352060017-Mast--Harbour-Men-Tshirts-4271650352059480-1.jpg",https://www.myntra.com/tshirts/highlander/highlander-men-blue-typography-printed-extended-sleeves-slim-fit-t-shirt/18833480/buy
Sztori,Men Plus Size Cotton T-shirt,Rs. 703,"https://assets.myntassets.com/dpr_2,q_60,w_210,c_limit,fl_progressive/assets/images/16315180/2022/4/19/9c3c7f01-0f7f-4863-ae4a-003d2214c0541650352060017-Mast--Harbour-Men-Tshirts-4271650352059480-1.jpg",https://www.myntra.com/tshirts/sztori/sztori-men-plus-size-mustard-yellow-solid-pure-cotton-polo-collar-t-shirt/13109744/buy
max,Men Polo Collar T-shirt,No Price,"https://assets.myntassets.com/dpr_2,q_60,w_210,c_limit,fl_progressive/assets/images/16315180/2022/4/19/9c3c7f01-0f7f-4863-ae4a-003d2214c0541650352060017-Mast--Harbour-Men-Tshirts-4271650352059480-1.jpg",https://www.myntra.com/tshirts/max/max-men-black-polo-collar-t-shirt/16761982/buy
HRX by Hrithik Roshan,Men Typography Printed T-shirt,Rs. 349,"https://assets.myntassets.com/dpr_2,q_60,w_210,c_limit,fl_progressive/assets/images/16315180/2022/4/19/9c3c7f01-0f7f-4863-ae4a-003d2214c0541650352060017-Mast--Harbour-Men-Tshirts-4271650352059480-1.jpg",https://www.myntra.com/tshirts/hrx+by+hrithik+roshan/hrx-by-hrithik-roshan-typography-printed-rapid-dry-training-or-gym-t-shirt/21827900/buy
ether,Printed Relaxed Fit T-shirt,Rs. 389,"https://assets.myntassets.com/dpr_2,q_60,w_210,c_limit,fl_progressive/assets/images/16315180/2022/4/19/9c3c7f01-0f7f-4863-ae4a-003d2214c0541650352060017-Mast--Harbour-Men-Tshirts-4271650352059480-1.jpg",https://www.myntra.com/tshirts/ether/ether-cotton-printed-drop-shoulder-sleeves-relaxed-fit-t-shirt/30829033/buy
HRX by Hrithik Roshan,Training Rapid-Dry Tshirts,Rs. 305,"https://assets.myntassets.com/dpr_2,q_60,w_210,c_limit,fl_progressive/assets/images/16315180/2022/4/19/9c3c7f01-0f7f-4863-ae4a-003d2214c0541650352060017-Mast--Harbour-Men-Tshirts-4271650352059480-1.jpg",https://www.myntra.com/tshirts/hrx+by+hrithik+roshan/hrx-by-hrithik-roshan-training-men-optic-white-rapid-dry-solid-tshirts/17860678/buy
max,Polo Collar Cotton T-shirt,No Price,"https://assets.myntassets.com/dpr_2,q_60,w_210,c_limit,fl_progressive/assets/images/16315180/2022/4/19/9c3c7f01-0f7f-4863-ae4a-003d2214c0541650352060017-Mast--Harbour-Men-Tshirts-4271650352059480-1.jpg",https://www.myntra.com/tshirts/max/max-polo-collar-cotton-t-shirt/25200340/buy
STELLERS,Polo Collar Dry Fit T-shirt,Rs. 859,"https://assets.myntassets.com/dpr_2,q_60,w_210,c_limit,fl_progressive/assets/images/16315180/2022/4/19/9c3c7f01-0f7f-4863-ae4a-003d2214c0541650352060017-Mast--Harbour-Men-Tshirts-4271650352059480-1.jpg",https://www.myntra.com/tshirts/stellers/stellers-polo-collar-dry-fit-t-shirt/23253840/buy
Harvard,Solid Polo Collar T-shirt,Rs. 369,"https://assets.myntassets.com/dpr_2,q_60,w_210,c_limit,fl_progressive/assets/images/16315180/2022/4/19/9c3c7f01-0f7f-4863-ae4a-003d2214c0541650352060017-Mast--Harbour-Men-Tshirts-4271650352059480-1.jpg",https://www.myntra.com/tshirts/harvard/harvard-men-burgundy-solid-polo-collar-t-shirt/12817544/buy
DAMENSCH,Statement Waffle Tank Tops,Rs. 599,"https://assets.myntassets.com/dpr_2,q_60,w_210,c_limit,fl_progressive/assets/images/16315180/2022/4/19/9c3c7f01-0f7f-4863-ae4a-003d2214c0541650352060017-Mast--Harbour-Men-Tshirts-4271650352059480-1.jpg",https://www.myntra.com/lounge-tshirts/damensch/damensch-statement-waffle-premium-waffle-texture-colours-by-high-iq-dyes-tank-tops/28874518/buy
U.S. Polo Assn.,Pure Cotton Lounge T-shirts,Rs. 535,"https://assets.myntassets.com/dpr_2,q_60,w_210,c_limit,fl_progressive/assets/images/16315180/2022/4/19/9c3c7f01-0f7f-4863-ae4a-003d2214c0541650352060017-Mast--Harbour-Men-Tshirts-4271650352059480-1.jpg",https://www.myntra.com/lounge-tshirts/u.s.+polo+assn./us-polo-assn-striped-pure-cotton-lounge-t-shirts/22492628/buy
HRX by Hrithik Roshan,Rapid-Dry Training T-shirt,Rs. 305,"https://assets.myntassets.com/dpr_2,q_60,w_210,c_limit,fl_progressive/assets/images/16315180/2022/4/19/9c3c7f01-0f7f-4863-ae4a-003d2214c0541650352060017-Mast--Harbour-Men-Tshirts-4271650352059480-1.jpg",https://www.myntra.com/tshirts/hrx+by+hrithik+roshan/hrx-by-hrithik-roshan-rapid-dry-training-t-shirt/26696514/buy
INVICTUS,Printed Polo Collar T-shirt,Rs. 389,"https://assets.myntassets.com/dpr_2,q_60,w_210,c_limit,fl_progressive/assets/images/16315180/2022/4/19/9c3c7f01-0f7f-4863-ae4a-003d2214c0541650352060017-Mast--Harbour-Men-Tshirts-4271650352059480-1.jpg",https://www.myntra.com/tshirts/invictus/invictus-abstract-print-polo-collar-t-shirt/31038197/buy
Arrow,Pure Cotton Printed T-shirt,Rs. 719,"https://assets.myntassets.com/dpr_2,q_60,w_210,c_limit,fl_progressive/assets/images/16315180/2022/4/19/9c3c7f01-0f7f-4863-ae4a-003d2214c0541650352060017-Mast--Harbour-Men-Tshirts-4271650352059480-1.jpg",https://www.myntra.com/tshirts/arrow/arrow-pure-cotton-geometric-printed-polo-collar-t-shirt/31915826/buy
HRX by Hrithik Roshan,Pure Cotton Training T-shirt,Rs. 415,"https://assets.myntassets.com/dpr_2,q_60,w_210,c_limit,fl_progressive/assets/images/16315180/2022/4/19/9c3c7f01-0f7f-4863-ae4a-003d2214c0541650352060017-Mast--Harbour-Men-Tshirts-4271650352059480-1.jpg",https://www.myntra.com/tshirts/hrx+by+hrithik+roshan/hrx-by-hrithik-roshan-irontribe-pure-cotton-brand-logo-washed-relaxed-training-t-shirt/30390933/buy
glitchez,Printed Relaxed T-shirt,Rs. 319,"https://assets.myntassets.com/dpr_2,q_60,w_210,c_limit,fl_progressive/assets/images/16315180/2022/4/19/9c3c7f01-0f7f-4863-ae4a-003d2214c0541650352060017-Mast--Harbour-Men-Tshirts-4271650352059480-1.jpg",https://www.myntra.com/tshirts/glitchez/glitchez-abstract-art-printed-relaxed-t-shirt/31338605/buy
Roadster,Printed Hood Pure Cotton T-shirt,Rs. 274,"https://assets.myntassets.com/dpr_2,q_60,w_210,c_limit,fl_progressive/assets/images/16315180/2022/4/19/9c3c7f01-0f7f-4863-ae4a-003d2214c0541650352060017-Mast--Harbour-Men-Tshirts-4271650352059480-1.jpg",https://www.myntra.com/tshirts/roadster/roadster-men-blue-printed-hood-pure-cotton-t-shirt/1844184/buy
Kook N Keech,Solid Polo Collar T-shirt,Rs. 299,"https://assets.myntassets.com/dpr_2,q_60,w_210,c_limit,fl_progressive/assets/images/16315180/2022/4/19/9c3c7f01-0f7f-4863-ae4a-003d2214c0541650352060017-Mast--Harbour-Men-Tshirts-4271650352059480-1.jpg",https://www.myntra.com/tshirts/kook+n+keech/kook-n-keech-solid-polo-collar-pure-cotton-t-shirt/31775996/buy
Tshirts For Men,,,,
Being Human,Printed Pure Cotton T-shirt,Rs. 339,"https://assets.myntassets.com/dpr_2,q_60,w_210,c_limit,fl_progressive/assets/images/25982364/2024/5/28/05ec6bf0-c5a9-4318-9f5c-a16a12db897b1716876131283-Being-Human-Men-Tshirts-1901716876130893-1.jpg",https://www.myntra.com/tshirts/being+human/being-human-printed-pure-cotton-t-shirt/25982364/buy
INVICTUS,Men Polo Collar Pure Cotton T-shirt,Rs. 319,"https://assets.myntassets.com/dpr_2,q_60,w_210,c_limit,fl_progressive/assets/images/25982364/2024/5/28/05ec6bf0-c5a9-4318-9f5c-a16a12db897b1716876131283-Being-Human-Men-Tshirts-1901716876130893-1.jpg",https://www.myntra.com/tshirts/invictus/invictus-men-green-polo-collar-pure-cotton-t-shirt/13737138/buy
HRX by Hrithik Roshan,Rapid-Dry Running T-shirt,Rs. 305,"https://assets.myntassets.com/dpr_2,q_60,w_210,c_limit,fl_progressive/assets/images/25982364/2024/5/28/05ec6bf0-c5a9-4318-9f5c-a16a12db897b1716876131283-Being-Human-Men-Tshirts-1901716876130893-1.jpg",https://www.myntra.com/tshirts/hrx+by+hrithik+roshan/hrx-by-hrithik-roshan-rapid-dry-running-t-shirt/23014212/buy
Being Human,Printed Pure Cotton T-shirt,Rs. 335,"https://assets.myntassets.com/dpr_2,q_60,w_210,c_limit,fl_progressive/assets/images/25982364/2024/5/28/05ec6bf0-c5a9-4318-9f5c-a16a12db897b1716876131283-Being-Human-Men-Tshirts-1901716876130893-1.jpg",https://www.myntra.com/tshirts/being+human/being-human-brand-logo-printed-pure-cotton-t-shirt/29620714/buy
Kook N Keech,Men Striped Polo Collar T-shirt,Rs. 329,"https://assets.myntassets.com/dpr_2,q_60,w_210,c_limit,fl_progressive/assets/images/25982364/2024/5/28/05ec6bf0-c5a9-4318-9f5c-a16a12db897b1716876131283-Being-Human-Men-Tshirts-1901716876130893-1.jpg",https://www.myntra.com/tshirts/kook+n+keech/kook-n-keech-men-striped-polo-collar-pure-cotton-t-shirt/31322722/buy
HIGHLANDER,Men Solid Oversized T-shirt,Rs. 344,"https://assets.myntassets.com/dpr_2,q_60,w_210,c_limit,fl_progressive/assets/images/25982364/2024/5/28/05ec6bf0-c5a9-4318-9f5c-a16a12db897b1716876131283-Being-Human-Men-Tshirts-1901716876130893-1.jpg",https://www.myntra.com/tshirts/highlander/highlander-men-solid-round-neck-cotton-oversized-t-shirt/31436506/buy
Being Human,Pure Cotton T-shirt,Rs. 314,"https://assets.myntassets.com/dpr_2,q_60,w_210,c_limit,fl_progressive/assets/images/25982364/2024/5/28/05ec6bf0-c5a9-4318-9f5c-a16a12db897b1716876131283-Being-Human-Men-Tshirts-1901716876130893-1.jpg",https://www.myntra.com/tshirts/being+human/being-human-typography-printed-pure-cotton-t-shirt/31641914/buy
Sztori,Men Plus Size Striped T-shirt,Rs. 377,"https://assets.myntassets.com/dpr_2,q_60,w_210,c_limit,fl_progressive/assets/images/25982364/2024/5/28/05ec6bf0-c5a9-4318-9f5c-a16a12db897b1716876131283-Being-Human-Men-Tshirts-1901716876130893-1.jpg",https://www.myntra.com/tshirts/sztori/sztori-men-plus-size-white--green-cotton-striped-t-shirt/13617160/buy
XYXX,Crew Neck Pure Cotton T-Shirt,Rs. 345,"https://assets.myntassets.com/dpr_2,q_60,w_210,c_limit,fl_progressive/assets/images/25982364/2024/5/28/05ec6bf0-c5a9-4318-9f5c-a16a12db897b1716876131283-Being-Human-Men-Tshirts-1901716876130893-1.jpg",https://www.myntra.com/tshirts/xyxx/xyxx-men-white-pace-intellieaze-cotton-crew-neck-t-shirt/24062052/buy
Roadster,Men Polo Collar Slim Fit T-shirt,Rs. 395,"https://assets.myntassets.com/dpr_2,q_60,w_210,c_limit,fl_progressive/assets/images/25982364/2024/5/28/05ec6bf0-c5a9-4318-9f5c-a16a12db897b1716876131283-Being-Human-Men-Tshirts-1901716876130893-1.jpg",https://www.myntra.com/tshirts/roadster/the-roadster-lifestyle-co-men-blue-solid-polo-collar-slim-fit-pure-cotton-t-shirt/18046522/buy
Mast & Harbour,Printed Polo Collar T-shirt,Rs. 374,"https://assets.myntassets.com/dpr_2,q_60,w_210,c_limit,fl_progressive/assets/images/25982364/2024/5/28/05ec6bf0-c5a9-4318-9f5c-a16a12db897b1716876131283-Being-Human-Men-Tshirts-1901716876130893-1.jpg",https://www.myntra.com/tshirts/mast+%26+harbour/mast--harbour-men-printed-polo-collar-t-shirt/29967317/buy
Roadster,Men Henley Neck T-shirt,Rs. 395,"https://assets.myntassets.com/dpr_2,q_60,w_210,c_limit,fl_progressive/assets/images/25982364/2024/5/28/05ec6bf0-c5a9-4318-9f5c-a16a12db897b1716876131283-Being-Human-Men-Tshirts-1901716876130893-1.jpg",https://www.myntra.com/tshirts/roadster/roadster-men-sea-green-henley-neck-t-shirt/17329014/buy
Roadster,Polo Collar Oversized T-shirt,Rs. 419,"https://assets.myntassets.com/dpr_2,q_60,w_210,c_limit,fl_progressive/assets/images/25982364/2024/5/28/05ec6bf0-c5a9-4318-9f5c-a16a12db897b1716876131283-Being-Human-Men-Tshirts-1901716876130893-1.jpg",https://www.myntra.com/tshirts/roadster/the-roadster-lifestyle-co-polo-collar-oversized-pure-cotton-t-shirt/29555416/buy
U.S. Polo Assn.,Lounge T-Shirt,Rs. 496,"https://assets.myntassets.com/dpr_2,q_60,w_210,c_limit,fl_progressive/assets/images/25982364/2024/5/28/05ec6bf0-c5a9-4318-9f5c-a16a12db897b1716876131283-Being-Human-Men-Tshirts-1901716876130893-1.jpg",https://www.myntra.com/lounge-tshirts/u.s.+polo+assn./us-polo-assn-charcoal-grey-solid-lounge-t-shirt/2465165/buy
glitchez,Oversized Fit Printed T-shirt,Rs. 380,"https://assets.myntassets.com/dpr_2,q_60,w_210,c_limit,fl_progressive/assets/images/25982364/2024/5/28/05ec6bf0-c5a9-4318-9f5c-a16a12db897b1716876131283-Being-Human-Men-Tshirts-1901716876130893-1.jpg",https://www.myntra.com/tshirts/glitchez/glitchez-tic-tac-toe-oversized-fit-printed-t-shirt/31819345/buy
Roadster,Men Pure Cotton T-shirt,Rs. 321,"https://assets.myntassets.com/dpr_2,q_60,w_210,c_limit,fl_progressive/assets/images/25982364/2024/5/28/05ec6bf0-c5a9-4318-9f5c-a16a12db897b1716876131283-Being-Human-Men-Tshirts-1901716876130893-1.jpg",https://www.myntra.com/tshirts/roadster/the-roadster-life-co-men-pure-cotton-polo-collar-t-shirt/20789184/buy
Difference of Opinion,Men Cotton Oversized Fit T-shirt,Rs. 371,"https://assets.myntassets.com/dpr_2,q_60,w_210,c_limit,fl_progressive/assets/images/25982364/2024/5/28/05ec6bf0-c5a9-4318-9f5c-a16a12db897b1716876131283-Being-Human-Men-Tshirts-1901716876130893-1.jpg",https://www.myntra.com/tshirts/difference+of+opinion/difference-of-opinion-men-mustard-yellow-cotton-drop-shoulder-oversized-fit-oversized-t-shirt/19726988/buy
Sztori,Plus Size Printed T-shirt,Rs. 311,"https://assets.myntassets.com/dpr_2,q_60,w_210,c_limit,fl_progressive/assets/images/25982364/2024/5/28/05ec6bf0-c5a9-4318-9f5c-a16a12db897b1716876131283-Being-Human-Men-Tshirts-1901716876130893-1.jpg",https://www.myntra.com/tshirts/sztori/sztori-plus-size-brand-logo-printed-detail-quick-dry-training-t-shirt/20693620/buy
Mast & Harbour,Pure Cotton Striped T-shirt,Rs. 305,"https://assets.myntassets.com/dpr_2,q_60,w_210,c_limit,fl_progressive/assets/images/25982364/2024/5/28/05ec6bf0-c5a9-4318-9f5c-a16a12db897b1716876131283-Being-Human-Men-Tshirts-1901716876130893-1.jpg",https://www.myntra.com/tshirts/mast+%26+harbour/mast--harbour-men-navy-blue--red-pure-cotton-striped-round-neck-t-shirt/13222030/buy
DAMENSCH,Statement Waffle Tank Tops,Rs. 599,"https://assets.myntassets.com/dpr_2,q_60,w_210,c_limit,fl_progressive/assets/images/25982364/2024/5/28/05ec6bf0-c5a9-4318-9f5c-a16a12db897b1716876131283-Being-Human-Men-Tshirts-1901716876130893-1.jpg",https://www.myntra.com/lounge-tshirts/damensch/damensch-statement-waffle-premium-waffle-texture-colours-by-high-iq-dyes-tank-tops/28874520/buy
Being Human,Printed Pure Cotton T-shirt,Rs. 319,"https://assets.myntassets.com/dpr_2,q_60,w_210,c_limit,fl_progressive/assets/images/25982364/2024/5/28/05ec6bf0-c5a9-4318-9f5c-a16a12db897b1716876131283-Being-Human-Men-Tshirts-1901716876130893-1.jpg",https://www.myntra.com/tshirts/being+human/being-human-graphic-printed-pure-cotton-t-shirt/24734888/buy
Roadster,Colourblock Polo T-shirt,Rs. 415,"https://assets.myntassets.com/dpr_2,q_60,w_210,c_limit,fl_progressive/assets/images/25982364/2024/5/28/05ec6bf0-c5a9-4318-9f5c-a16a12db897b1716876131283-Being-Human-Men-Tshirts-1901716876130893-1.jpg",https://www.myntra.com/tshirts/roadster/the-roadster-lifestyle-co-colourblock-pure-cotton-polo-t-shirt/27578598/buy
Kook N Keech Disney,Pure Cotton Oversized T-shirt,Rs. 299,"https://assets.myntassets.com/dpr_2,q_60,w_210,c_limit,fl_progressive/assets/images/25982364/2024/5/28/05ec6bf0-c5a9-4318-9f5c-a16a12db897b1716876131283-Being-Human-Men-Tshirts-1901716876130893-1.jpg",https://www.myntra.com/tshirts/kook+n+keech+disney/kook-n-keech-disney-mickey--friends-printed-drop-shoulder-pure-cotton-oversized-t-shirt/27507052/buy
Kook N Keech Toons,Cotton Oversized T-shirt,Rs. 335,"https://assets.myntassets.com/dpr_2,q_60,w_210,c_limit,fl_progressive/assets/images/25982364/2024/5/28/05ec6bf0-c5a9-4318-9f5c-a16a12db897b1716876131283-Being-Human-Men-Tshirts-1901716876130893-1.jpg",https://www.myntra.com/tshirts/kook+n+keech+toons/kook-n-keech-toons-printed-pure-cotton-oversized-t-shirt/30603151/buy
glitchez,Printed Relaxed Fit T-shirt,Rs. 336,"https://assets.myntassets.com/dpr_2,q_60,w_210,c_limit,fl_progressive/assets/images/25982364/2024/5/28/05ec6bf0-c5a9-4318-9f5c-a16a12db897b1716876131283-Being-Human-Men-Tshirts-1901716876130893-1.jpg",https://www.myntra.com/tshirts/glitchez/glitchez-burn-bright-printed-relaxed-fit-t-shirt/31517206/buy
Roadster,Textured Relaxed Fit T-shirt,Rs. 371,"https://assets.myntassets.com/dpr_2,q_60,w_210,c_limit,fl_progressive/assets/images/25982364/2024/5/28/05ec6bf0-c5a9-4318-9f5c-a16a12db897b1716876131283-Being-Human-Men-Tshirts-1901716876130893-1.jpg",https://www.myntra.com/tshirts/roadster/the-roadster-lifestyle-co-textured-raglan-sleeves-relaxed-fit-t-shirt/31722281/buy
Ducati,Men Brand Logo Printed T-shirt,Rs. 383,"https://assets.myntassets.com/dpr_2,q_60,w_210,c_limit,fl_progressive/assets/images/25982364/2024/5/28/05ec6bf0-c5a9-4318-9f5c-a16a12db897b1716876131283-Being-Human-Men-Tshirts-1901716876130893-1.jpg",https://www.myntra.com/tshirts/ducati/ducati-men-black--white-brand-logo-printed-pure-cotton-t-shirt/17275362/buy
glitchez,Printed Oversized T-shirt,Rs. 304,"https://assets.myntassets.com/dpr_2,q_60,w_210,c_limit,fl_progressive/assets/images/25982364/2024/5/28/05ec6bf0-c5a9-4318-9f5c-a16a12db897b1716876131283-Being-Human-Men-Tshirts-1901716876130893-1.jpg",https://www.myntra.com/tshirts/glitchez/glitchez-space-case-printed-oversized-t-shirt/31819305/buy
Kook N Keech,Printed Round Neck Pure Cotton T-shirt,Rs. 299,"https://assets.myntassets.com/dpr_2,q_60,w_210,c_limit,fl_progressive/assets/images/25982364/2024/5/28/05ec6bf0-c5a9-4318-9f5c-a16a12db897b1716876131283-Being-Human-Men-Tshirts-1901716876130893-1.jpg",https://www.myntra.com/tshirts/kook+n+keech/kook-n-keech-men-white-printed-round-neck-pure-cotton-t-shirt/12956174/buy
Kook N Keech,Dyed Pure Cotton T-shirt,Rs. 329,"https://assets.myntassets.com/dpr_2,q_60,w_210,c_limit,fl_progressive/assets/images/25982364/2024/5/28/05ec6bf0-c5a9-4318-9f5c-a16a12db897b1716876131283-Being-Human-Men-Tshirts-1901716876130893-1.jpg",https://www.myntra.com/tshirts/kook+n+keech/kook-n-keech-dyed-drop-shoulder-sleeves-pure-cotton-t-shirt/26898320/buy
XYXX,Men Cotton Rich Code T-shirt,Rs. 336,"https://assets.myntassets.com/dpr_2,q_60,w_210,c_limit,fl_progressive/assets/images/25982364/2024/5/28/05ec6bf0-c5a9-4318-9f5c-a16a12db897b1716876131283-Being-Human-Men-Tshirts-1901716876130893-1.jpg",https://www.myntra.com/lounge-tshirts/xyxx/xyxx-men-cotton-rich-code-t-shirt/32164882/buy
INVICTUS,Printed Slim Fit Polo T-shirt,Rs. 389,"https://assets.myntassets.com/dpr_2,q_60,w_210,c_limit,fl_progressive/assets/images/25982364/2024/5/28/05ec6bf0-c5a9-4318-9f5c-a16a12db897b1716876131283-Being-Human-Men-Tshirts-1901716876130893-1.jpg",https://www.myntra.com/tshirts/invictus/invictus-tropical-printed-polo-collar-slim-fit-t-shirt/31038190/buy
Roadster,Polo Collar Cotton T-shirt,Rs. 395,"https://assets.myntassets.com/dpr_2,q_60,w_210,c_limit,fl_progressive/assets/images/25982364/2024/5/28/05ec6bf0-c5a9-4318-9f5c-a16a12db897b1716876131283-Being-Human-Men-Tshirts-1901716876130893-1.jpg",https://www.myntra.com/tshirts/roadster/the-roadster-lifestyle-co-men-printed-polo-collar-pure-cotton-t-shirt/29555422/buy
HRX by Hrithik Roshan,Rapid-Dry Training T-shirt,Rs. 323,"https://assets.myntassets.com/dpr_2,q_60,w_210,c_limit,fl_progressive/assets/images/25982364/2024/5/28/05ec6bf0-c5a9-4318-9f5c-a16a12db897b1716876131283-Being-Human-Men-Tshirts-1901716876130893-1.jpg",https://www.myntra.com/tshirts/hrx+by+hrithik+roshan/hrx-by-hrithik-roshan-rapid-dry-training-t-shirt/30659476/buy
Roadster,Pure Cotton Oversized T-shirt,Rs. 351,"https://assets.myntassets.com/dpr_2,q_60,w_210,c_limit,fl_progressive/assets/images/25982364/2024/5/28/05ec6bf0-c5a9-4318-9f5c-a16a12db897b1716876131283-Being-Human-Men-Tshirts-1901716876130893-1.jpg",https://www.myntra.com/tshirts/roadster/roadster-navy-blue-graphic-printed-pure-cotton-oversized-t-shirt/23944998/buy
Mast & Harbour,Men Solid Polo Collar T-shirt,Rs. 309,"https://assets.myntassets.com/dpr_2,q_60,w_210,c_limit,fl_progressive/assets/images/25982364/2024/5/28/05ec6bf0-c5a9-4318-9f5c-a16a12db897b1716876131283-Being-Human-Men-Tshirts-1901716876130893-1.jpg",https://www.myntra.com/tshirts/mast+%26+harbour/mast--harbour-men-off-white-solid-polo-collar-t-shirt/15427154/buy
HIGHLANDER,Men Self Design Polo T-shirt,Rs. 312,"https://assets.myntassets.com/dpr_2,q_60,w_210,c_limit,fl_progressive/assets/images/25982364/2024/5/28/05ec6bf0-c5a9-4318-9f5c-a16a12db897b1716876131283-Being-Human-Men-Tshirts-1901716876130893-1.jpg",https://www.myntra.com/tshirts/highlander/highlander-men-self-design-polo-collar-t-shirt/32045567/buy
U.S. Polo Assn.,Lounge T-Shirt,Rs. 468,"https://assets.myntassets.com/dpr_2,q_60,w_210,c_limit,fl_progressive/assets/images/25982364/2024/5/28/05ec6bf0-c5a9-4318-9f5c-a16a12db897b1716876131283-Being-Human-Men-Tshirts-1901716876130893-1.jpg",https://www.myntra.com/lounge-tshirts/u.s.+polo+assn./us-polo-assn-black-solid-lounge-t-shirt/2465179/buy
Roadster,Men Polo Collar T-shirt,Rs. 407,"https://assets.myntassets.com/dpr_2,q_60,w_210,c_limit,fl_progressive/assets/images/25982364/2024/5/28/05ec6bf0-c5a9-4318-9f5c-a16a12db897b1716876131283-Being-Human-Men-Tshirts-1901716876130893-1.jpg",https://www.myntra.com/tshirts/roadster/roadster-men-navy-blue-solid-polo-collar-t-shirt/9329653/buy
Kook N Keech,Printed Relaxed Fit T-shirt,Rs. 351,"https://assets.myntassets.com/dpr_2,q_60,w_210,c_limit,fl_progressive/assets/images/25982364/2024/5/28/05ec6bf0-c5a9-4318-9f5c-a16a12db897b1716876131283-Being-Human-Men-Tshirts-1901716876130893-1.jpg",https://www.myntra.com/tshirts/kook+n+keech/kook-n-keech-urban-monochrome-tropical-printed-relaxed-fit-t-shirt/30023859/buy
DAMENSCH,Statement Waffle Tank Tops,Rs. 599,"https://assets.myntassets.com/dpr_2,q_60,w_210,c_limit,fl_progressive/assets/images/25982364/2024/5/28/05ec6bf0-c5a9-4318-9f5c-a16a12db897b1716876131283-Being-Human-Men-Tshirts-1901716876130893-1.jpg",https://www.myntra.com/lounge-tshirts/damensch/damensch-statement-waffle-premium-waffle-texture-colours-by-high-iq-dyes-tank-tops/28874522/buy
Pepe Jeans,Cotton Lounge Tank Tshirt,Rs. 330,"https://assets.myntassets.com/dpr_2,q_60,w_210,c_limit,fl_progressive/assets/images/25982364/2024/5/28/05ec6bf0-c5a9-4318-9f5c-a16a12db897b1716876131283-Being-Human-Men-Tshirts-1901716876130893-1.jpg",https://www.myntra.com/lounge-tshirts/pepe+jeans/pepe-jeans-sleeveless-cotton-lounge-tank-tshirt/28434002/buy
glitchez,Relaxed Fit T-shirt,Rs. 289,"https://assets.myntassets.com/dpr_2,q_60,w_210,c_limit,fl_progressive/assets/images/25982364/2024/5/28/05ec6bf0-c5a9-4318-9f5c-a16a12db897b1716876131283-Being-Human-Men-Tshirts-1901716876130893-1.jpg",https://www.myntra.com/tshirts/glitchez/glitchez-timeless-classic-relaxed-fit-t-shirt/31664420/buy
Mast & Harbour,Striped Round Neck Pure Cotton T-shirt,Rs. 341,"https://assets.myntassets.com/dpr_2,q_60,w_210,c_limit,fl_progressive/assets/images/25982364/2024/5/28/05ec6bf0-c5a9-4318-9f5c-a16a12db897b1716876131283-Being-Human-Men-Tshirts-1901716876130893-1.jpg",https://www.myntra.com/tshirts/mast+%26+harbour/mast--harbour-men-multicoloured-striped-round-neck-pure-cotton-t-shirt/8301995/buy
Roadster,Men Solid T-shirt,Rs. 309,"https://assets.myntassets.com/dpr_2,q_60,w_210,c_limit,fl_progressive/assets/images/25982364/2024/5/28/05ec6bf0-c5a9-4318-9f5c-a16a12db897b1716876131283-Being-Human-Men-Tshirts-1901716876130893-1.jpg",https://www.myntra.com/tshirts/roadster/roadster-men-solid-regular-fit-t-shirt/24488442/buy
R.Code by The Roadster Life Co.,Men Polo Collar T-shirt,Rs. 369,"https://assets.myntassets.com/dpr_2,q_60,w_210,c_limit,fl_progressive/assets/images/25982364/2024/5/28/05ec6bf0-c5a9-4318-9f5c-a16a12db897b1716876131283-Being-Human-Men-Tshirts-1901716876130893-1.jpg",https://www.myntra.com/tshirts/r.code+by+the+roadster+life+co./rcode-by-the-roadster-life-co-men-solid-polo-collar-t-shirt/25348582/buy
Roadster,Polo Collar Oversized T-shirt,Rs. 407,"https://assets.myntassets.com/dpr_2,q_60,w_210,c_limit,fl_progressive/assets/images/25982364/2024/5/28/05ec6bf0-c5a9-4318-9f5c-a16a12db897b1716876131283-Being-Human-Men-Tshirts-1901716876130893-1.jpg",https://www.myntra.com/tshirts/roadster/the-roadster-lifestyle-co-polo-collar-oversized-pure-cotton-t-shirt/29555442/buy
HRX by Hrithik Roshan,Typography Print T-shirt,Rs. 349,"https://assets.myntassets.com/dpr_2,q_60,w_210,c_limit,fl_progressive/assets/images/25982364/2024/5/28/05ec6bf0-c5a9-4318-9f5c-a16a12db897b1716876131283-Being-Human-Men-Tshirts-1901716876130893-1.jpg",https://www.myntra.com/tshirts/hrx+by+hrithik+roshan/hrx-by-hrithik-roshan-men-grey-typography-placement-printed-t-shirt/8878383/buy
Being Human,Pure Cotton T-shirt,Rs. 299,"https://assets.myntassets.com/dpr_2,q_60,w_210,c_limit,fl_progressive/assets/images/25982364/2024/5/28/05ec6bf0-c5a9-4318-9f5c-a16a12db897b1716876131283-Being-Human-Men-Tshirts-1901716876130893-1.jpg",https://www.myntra.com/tshirts/being+human/being-human-pure-cotton-t-shirt/31355041/buy
HIGHLANDER,Men Printed Cotton T-shirt,Rs. 389,"https://assets.myntassets.com/dpr_2,q_60,w_210,c_limit,fl_progressive/assets/images/25982364/2024/5/28/05ec6bf0-c5a9-4318-9f5c-a16a12db897b1716876131283-Being-Human-Men-Tshirts-1901716876130893-1.jpg",https://www.myntra.com/tshirts/highlander/highlander-men-green-printed-cotton-t-shirt/20456254/buy
Tshirts For Men,,,,
U.S. Polo Assn.,Pack Of 2 Lounge T-shirts,Rs. 909,"https://assets.myntassets.com/dpr_2,q_60,w_210,c_limit,fl_progressive/assets/images/27595832/2024/2/14/59c56067-5d06-4348-af2f-4efd05fbf51c1707923929571USPoloAssnMensStripedNeckCottonOEE01LoungeT-Shirt-PackOf21.jpg",https://www.myntra.com/lounge-tshirts/u.s.+polo+assn./us-polo-assn-pack-of-2-pure-cotton-lounge-t-shirts/27595832/buy
Roadster,Printed Round Neck Pure Cotton T-shirt,Rs. 245,"https://assets.myntassets.com/dpr_2,q_60,w_210,c_limit,fl_progressive/assets/images/27595832/2024/2/14/59c56067-5d06-4348-af2f-4efd05fbf51c1707923929571USPoloAssnMensStripedNeckCottonOEE01LoungeT-Shirt-PackOf21.jpg",https://www.myntra.com/tshirts/roadster/roadster-men-mauve-printed-round-neck-pure-cotton-t-shirt/12251210/buy
glitchez,Relaxed Fit Polo T-shirt,Rs. 384,"https://assets.myntassets.com/dpr_2,q_60,w_210,c_limit,fl_progressive/assets/images/27595832/2024/2/14/59c56067-5d06-4348-af2f-4efd05fbf51c1707923929571USPoloAssnMensStripedNeckCottonOEE01LoungeT-Shirt-PackOf21.jpg",https://www.myntra.com/tshirts/glitchez/glitchez-classic-vibes-relaxed-fit-polo-collar-t-shirt/31664408/buy
HERE&NOW,Cotton Oversized T-shirt,Rs. 335,"https://assets.myntassets.com/dpr_2,q_60,w_210,c_limit,fl_progressive/assets/images/27595832/2024/2/14/59c56067-5d06-4348-af2f-4efd05fbf51c1707923929571USPoloAssnMensStripedNeckCottonOEE01LoungeT-Shirt-PackOf21.jpg",https://www.myntra.com/tshirts/here%26now/herenow-men-colourblocked-polo-collar-drop-shoulder-sleeves-pure-cotton-oversized-t-shirt/26388458/buy
HIGHLANDER,Oversized Casual T-shirt,Rs. 298,"https://assets.myntassets.com/dpr_2,q_60,w_210,c_limit,fl_progressive/assets/images/27595832/2024/2/14/59c56067-5d06-4348-af2f-4efd05fbf51c1707923929571USPoloAssnMensStripedNeckCottonOEE01LoungeT-Shirt-PackOf21.jpg",https://www.myntra.com/tshirts/highlander/highlander-drop-shoulder-oversized-popcorn-structure-t-shirt/24684880/buy
Mast & Harbour,Printed Relaxed T-shirt,Rs. 299,"https://assets.myntassets.com/dpr_2,q_60,w_210,c_limit,fl_progressive/assets/images/27595832/2024/2/14/59c56067-5d06-4348-af2f-4efd05fbf51c1707923929571USPoloAssnMensStripedNeckCottonOEE01LoungeT-Shirt-PackOf21.jpg",https://www.myntra.com/tshirts/mast+%26+harbour/mast--harbour-printed-drop-shoulder-sleeves-relaxed-t-shirt/27196612/buy
glitchez,Relaxed Fit T-shirt,Rs. 289,"https://assets.myntassets.com/dpr_2,q_60,w_210,c_limit,fl_progressive/assets/images/27595832/2024/2/14/59c56067-5d06-4348-af2f-4efd05fbf51c1707923929571USPoloAssnMensStripedNeckCottonOEE01LoungeT-Shirt-PackOf21.jpg",https://www.myntra.com/tshirts/glitchez/glitchez-vintage-classic-relaxed-fit-t-shirt/31664432/buy
H&M,Men Slim-Fit Ribbed Vest Top,No Price,"https://assets.myntassets.com/dpr_2,q_60,w_210,c_limit,fl_progressive/assets/images/27595832/2024/2/14/59c56067-5d06-4348-af2f-4efd05fbf51c1707923929571USPoloAssnMensStripedNeckCottonOEE01LoungeT-Shirt-PackOf21.jpg",https://www.myntra.com/tshirts/h%26m/-hm-men-slim-fit-ribbed-vest-top/28546860/buy
Sztori,Plus Size Regular Fit T-shirt,Rs. 383,"https://assets.myntassets.com/dpr_2,q_60,w_210,c_limit,fl_progressive/assets/images/27595832/2024/2/14/59c56067-5d06-4348-af2f-4efd05fbf51c1707923929571USPoloAssnMensStripedNeckCottonOEE01LoungeT-Shirt-PackOf21.jpg",https://www.myntra.com/tshirts/sztori/sztori-plus-size-regular-fit-t-shirt/26872388/buy
H&M,Regular Fit Round-Neck T-Shirt,No Price,"https://assets.myntassets.com/dpr_2,q_60,w_210,c_limit,fl_progressive/assets/images/27595832/2024/2/14/59c56067-5d06-4348-af2f-4efd05fbf51c1707923929571USPoloAssnMensStripedNeckCottonOEE01LoungeT-Shirt-PackOf21.jpg",https://www.myntra.com/tshirts/h%26m/hm-men-regular-fit-round-neck-t-shirt/21460562/buy
Urbano Fashion,Men Oversized Cotton T-shirt,Rs. 402,"https://assets.myntassets.com/dpr_2,q_60,w_210,c_limit,fl_progressive/assets/images/27595832/2024/2/14/59c56067-5d06-4348-af2f-4efd05fbf51c1707923929571USPoloAssnMensStripedNeckCottonOEE01LoungeT-Shirt-PackOf21.jpg",https://www.myntra.com/tshirts/urbano+fashion/urbano-fashion-men-solid-round-neck-cotton-oversized-t-shirt/32038476/buy
Mast & Harbour,Pure Cotton Applique T-shirt,Rs. 340,"https://assets.myntassets.com/dpr_2,q_60,w_210,c_limit,fl_progressive/assets/images/27595832/2024/2/14/59c56067-5d06-4348-af2f-4efd05fbf51c1707923929571USPoloAssnMensStripedNeckCottonOEE01LoungeT-Shirt-PackOf21.jpg",https://www.myntra.com/tshirts/mast+%26+harbour/mast--harbour-pure-cotton-drop-shoulder-sleeves-relaxed-fit-applique-t-shirt/31112900/buy
Technosport,Colourblocked Slim Fit T-shirt,No Price,"https://assets.myntassets.com/dpr_2,q_60,w_210,c_limit,fl_progressive/assets/images/27595832/2024/2/14/59c56067-5d06-4348-af2f-4efd05fbf51c1707923929571USPoloAssnMensStripedNeckCottonOEE01LoungeT-Shirt-PackOf21.jpg",https://www.myntra.com/tshirts/technosport/technosport-colourblocked-slim-fit-t-shirt/27186472/buy
Roadster,Solid Polo Collar Pure Cotton T-shirt,Rs. 559,"https://assets.myntassets.com/dpr_2,q_60,w_210,c_limit,fl_progressive/assets/images/27595832/2024/2/14/59c56067-5d06-4348-af2f-4efd05fbf51c1707923929571USPoloAssnMensStripedNeckCottonOEE01LoungeT-Shirt-PackOf21.jpg",https://www.myntra.com/tshirts/roadster/the-roadster-lifestyle-co-men-teal-blue-pure-cotton-solid-polo-collar-pure-cotton-t-shirt/13621014/buy
Kook N Keech,Solid Polo Collar T-shirt,Rs. 299,"https://assets.myntassets.com/dpr_2,q_60,w_210,c_limit,fl_progressive/assets/images/27595832/2024/2/14/59c56067-5d06-4348-af2f-4efd05fbf51c1707923929571USPoloAssnMensStripedNeckCottonOEE01LoungeT-Shirt-PackOf21.jpg",https://www.myntra.com/tshirts/kook+n+keech/kook-n-keech-solid-polo-collar-pure-cotton-t-shirt/31847246/buy
MARVEL STREET,Iron Man Print Cotton T-shirt,Rs. 380,"https://assets.myntassets.com/dpr_2,q_60,w_210,c_limit,fl_progressive/assets/images/27595832/2024/2/14/59c56067-5d06-4348-af2f-4efd05fbf51c1707923929571USPoloAssnMensStripedNeckCottonOEE01LoungeT-Shirt-PackOf21.jpg",https://www.myntra.com/tshirts/marvel+street/marvel-street-iron-man-print-printed-drop-shoulder-sleeves-pure-cotton-t-shirt/30278084/buy
HERE&NOW,Pure Cotton Casual T-shirt,Rs. 450,"https://assets.myntassets.com/dpr_2,q_60,w_210,c_limit,fl_progressive/assets/images/27595832/2024/2/14/59c56067-5d06-4348-af2f-4efd05fbf51c1707923929571USPoloAssnMensStripedNeckCottonOEE01LoungeT-Shirt-PackOf21.jpg",https://www.myntra.com/tshirts/here%26now/herenow-colourblocked-drop-shoulder-sleeves-pure-cotton-casual-t-shirt/29564090/buy
max,Polo Collar Casual T-shirt,No Price,"https://assets.myntassets.com/dpr_2,q_60,w_210,c_limit,fl_progressive/assets/images/27595832/2024/2/14/59c56067-5d06-4348-af2f-4efd05fbf51c1707923929571USPoloAssnMensStripedNeckCottonOEE01LoungeT-Shirt-PackOf21.jpg",https://www.myntra.com/tshirts/max/max-polo-collar-casual-t-shirt/28505534/buy
HERE&NOW,Cotton Oversized T-shirt,Rs. 374,"https://assets.myntassets.com/dpr_2,q_60,w_210,c_limit,fl_progressive/assets/images/27595832/2024/2/14/59c56067-5d06-4348-af2f-4efd05fbf51c1707923929571USPoloAssnMensStripedNeckCottonOEE01LoungeT-Shirt-PackOf21.jpg",https://www.myntra.com/tshirts/here%26now/herenow-men-typography-printed-polo-collar-pure-cotton-oversized-t-shirt/26331946/buy
Roadster,Cotton Relaxed Washed T-shirt,Rs. 351,"https://assets.myntassets.com/dpr_2,q_60,w_210,c_limit,fl_progressive/assets/images/27595832/2024/2/14/59c56067-5d06-4348-af2f-4efd05fbf51c1707923929571USPoloAssnMensStripedNeckCottonOEE01LoungeT-Shirt-PackOf21.jpg",https://www.myntra.com/tshirts/roadster/the-roadster-life-co-pure-cotton-self-design-relaxed-fit-washed-t-shirt/30162871/buy
max,Polo Collar Casual T-shirt,No Price,"https://assets.myntassets.com/dpr_2,q_60,w_210,c_limit,fl_progressive/assets/images/27595832/2024/2/14/59c56067-5d06-4348-af2f-4efd05fbf51c1707923929571USPoloAssnMensStripedNeckCottonOEE01LoungeT-Shirt-PackOf21.jpg",https://www.myntra.com/tshirts/max/max-polo-collar-casual-t-shirt/23543798/buy
Mast & Harbour,Solid Round Neck T-shirt,Rs. 303,"https://assets.myntassets.com/dpr_2,q_60,w_210,c_limit,fl_progressive/assets/images/27595832/2024/2/14/59c56067-5d06-4348-af2f-4efd05fbf51c1707923929571USPoloAssnMensStripedNeckCottonOEE01LoungeT-Shirt-PackOf21.jpg",https://www.myntra.com/tshirts/mast+%26+harbour/mast--harbour-men-peach-coloured-solid-round-neck-t-shirt/3082389/buy
Roadster,Relaxed Cotton T-shirt,Rs. 207,"https://assets.myntassets.com/dpr_2,q_60,w_210,c_limit,fl_progressive/assets/images/27595832/2024/2/14/59c56067-5d06-4348-af2f-4efd05fbf51c1707923929571USPoloAssnMensStripedNeckCottonOEE01LoungeT-Shirt-PackOf21.jpg",https://www.myntra.com/tshirts/roadster/the-roadster-lifestyle-co-applique-detail-relaxed-cotton-t-shirt/31178635/buy
DAMENSCH,Neo Cool Cotton Tank Top,Rs. 454,"https://assets.myntassets.com/dpr_2,q_60,w_210,c_limit,fl_progressive/assets/images/27595832/2024/2/14/59c56067-5d06-4348-af2f-4efd05fbf51c1707923929571USPoloAssnMensStripedNeckCottonOEE01LoungeT-Shirt-PackOf21.jpg",https://www.myntra.com/lounge-tshirts/damensch/damensch--neo-cool-mens-100-combed-cotton-tank-tops/31319919/buy
Mr Bowerbird,Pure Cotton Applique T-shirt,Rs. 413,"https://assets.myntassets.com/dpr_2,q_60,w_210,c_limit,fl_progressive/assets/images/27595832/2024/2/14/59c56067-5d06-4348-af2f-4efd05fbf51c1707923929571USPoloAssnMensStripedNeckCottonOEE01LoungeT-Shirt-PackOf21.jpg",https://www.myntra.com/tshirts/mr+bowerbird/mr-bowerbird-pure-cotton-liberal-fit-indie-floral-applique-t-shirt/26611386/buy
Aeropostale,Pure Cotton T-shirt,Rs. 493,"https://assets.myntassets.com/dpr_2,q_60,w_210,c_limit,fl_progressive/assets/images/27595832/2024/2/14/59c56067-5d06-4348-af2f-4efd05fbf51c1707923929571USPoloAssnMensStripedNeckCottonOEE01LoungeT-Shirt-PackOf21.jpg",https://www.myntra.com/tshirts/aeropostale/aeropostale-colourblocked-drop-shoulder-sleeves-pure-cotton-t-shirt/31101844/buy
BOLDFIT,Men T-shirt,Rs. 599,"https://assets.myntassets.com/dpr_2,q_60,w_210,c_limit,fl_progressive/assets/images/27595832/2024/2/14/59c56067-5d06-4348-af2f-4efd05fbf51c1707923929571USPoloAssnMensStripedNeckCottonOEE01LoungeT-Shirt-PackOf21.jpg",https://www.myntra.com/tshirts/boldfit/boldfit-men-round-neck-solid-anti-odor-t-shirt/27802218/buy
Roadster,Self Design Relaxed T-shirt,Rs. 371,"https://assets.myntassets.com/dpr_2,q_60,w_210,c_limit,fl_progressive/assets/images/27595832/2024/2/14/59c56067-5d06-4348-af2f-4efd05fbf51c1707923929571USPoloAssnMensStripedNeckCottonOEE01LoungeT-Shirt-PackOf21.jpg",https://www.myntra.com/tshirts/roadster/the-roadster-lifestyle-co-men-self-design-relaxed-fit-t-shirt/31722335/buy
Aeropostale,Printed Cotton T-shirt,Rs. 526,"https://assets.myntassets.com/dpr_2,q_60,w_210,c_limit,fl_progressive/assets/images/27595832/2024/2/14/59c56067-5d06-4348-af2f-4efd05fbf51c1707923929571USPoloAssnMensStripedNeckCottonOEE01LoungeT-Shirt-PackOf21.jpg",https://www.myntra.com/tshirts/aeropostale/aeropostale-men-typography-printed-drop-shoulder-sleeves-pure-cotton-t-shirt/30319674/buy
Bewakoof,Men Printed T-shirt,Rs. 349,"https://assets.myntassets.com/dpr_2,q_60,w_210,c_limit,fl_progressive/assets/images/27595832/2024/2/14/59c56067-5d06-4348-af2f-4efd05fbf51c1707923929571USPoloAssnMensStripedNeckCottonOEE01LoungeT-Shirt-PackOf21.jpg",https://www.myntra.com/tshirts/bewakoof/bewakoof-men-black-printed-pure-cotton--t-shirt/19339934/buy
Mast & Harbour,Self Striped Polo T-shirt,Rs. 337,"https://assets.myntassets.com/dpr_2,q_60,w_210,c_limit,fl_progressive/assets/images/27595832/2024/2/14/59c56067-5d06-4348-af2f-4efd05fbf51c1707923929571USPoloAssnMensStripedNeckCottonOEE01LoungeT-Shirt-PackOf21.jpg",https://www.myntra.com/tshirts/mast+%26+harbour/mast--harbour-men-polo-collar-self-striped-t-shirt/29758582/buy
Mast & Harbour,Striped Round Neck T-shirt,Rs. 299,"https://assets.myntassets.com/dpr_2,q_60,w_210,c_limit,fl_progressive/assets/images/27595832/2024/2/14/59c56067-5d06-4348-af2f-4efd05fbf51c1707923929571USPoloAssnMensStripedNeckCottonOEE01LoungeT-Shirt-PackOf21.jpg",https://www.myntra.com/tshirts/mast+%26+harbour/mast--harbour-men-blue--white-striped-round-neck-t-shirt/11896668/buy
Roadster,Cotton Henley Neck T-shirt,Rs. 319,"https://assets.myntassets.com/dpr_2,q_60,w_210,c_limit,fl_progressive/assets/images/27595832/2024/2/14/59c56067-5d06-4348-af2f-4efd05fbf51c1707923929571USPoloAssnMensStripedNeckCottonOEE01LoungeT-Shirt-PackOf21.jpg",https://www.myntra.com/tshirts/roadster/the-roadster-lifestyle-co-men-henley-neck-pure-cotton-t-shirt/24882482/buy
HRX by Hrithik Roshan,Rapid Dry Training T-shirt,Rs. 363,"https://assets.myntassets.com/dpr_2,q_60,w_210,c_limit,fl_progressive/assets/images/27595832/2024/2/14/59c56067-5d06-4348-af2f-4efd05fbf51c1707923929571USPoloAssnMensStripedNeckCottonOEE01LoungeT-Shirt-PackOf21.jpg",https://www.myntra.com/tshirts/hrx+by+hrithik+roshan/hrx-by-hrithik-roshan-performancebonded-rapid-dry-training-t-shirt/30117321/buy
H&M,Pure Cotton Regular Fit Tshirt,No Price,"https://assets.myntassets.com/dpr_2,q_60,w_210,c_limit,fl_progressive/assets/images/27595832/2024/2/14/59c56067-5d06-4348-af2f-4efd05fbf51c1707923929571USPoloAssnMensStripedNeckCottonOEE01LoungeT-Shirt-PackOf21.jpg",https://www.myntra.com/tshirts/h%26m/hm-pure-cotton-regular-fit-t-shirt/27073880/buy
Kook N Keech,Dexter Printed Cotton T-shirt,Rs. 352,"https://assets.myntassets.com/dpr_2,q_60,w_210,c_limit,fl_progressive/assets/images/27595832/2024/2/14/59c56067-5d06-4348-af2f-4efd05fbf51c1707923929571USPoloAssnMensStripedNeckCottonOEE01LoungeT-Shirt-PackOf21.jpg",https://www.myntra.com/tshirts/kook+n+keech/kook-n-keech-dexters-laboratory-printed-pure-cotton-t-shirt/30603146/buy
MARVEL STREET,Captain America Cotton T-shirt,Rs. 364,"https://assets.myntassets.com/dpr_2,q_60,w_210,c_limit,fl_progressive/assets/images/27595832/2024/2/14/59c56067-5d06-4348-af2f-4efd05fbf51c1707923929571USPoloAssnMensStripedNeckCottonOEE01LoungeT-Shirt-PackOf21.jpg",https://www.myntra.com/tshirts/marvel+street/marvel-street-captain-america-print-pure-cotton-relaxed-t-shirt/30278058/buy
Roadster,Striped Round Neck Pure Cotton T-shirt,Rs. 341,"https://assets.myntassets.com/dpr_2,q_60,w_210,c_limit,fl_progressive/assets/images/27595832/2024/2/14/59c56067-5d06-4348-af2f-4efd05fbf51c1707923929571USPoloAssnMensStripedNeckCottonOEE01LoungeT-Shirt-PackOf21.jpg",https://www.myntra.com/tshirts/roadster/roadster-men-maroon--grey-melange-striped-round-neck-pure-cotton-t-shirt/11532974/buy
Roadster,Short Sleeve Lounge T-Shirts,Rs. 314,"https://assets.myntassets.com/dpr_2,q_60,w_210,c_limit,fl_progressive/assets/images/27595832/2024/2/14/59c56067-5d06-4348-af2f-4efd05fbf51c1707923929571USPoloAssnMensStripedNeckCottonOEE01LoungeT-Shirt-PackOf21.jpg",https://www.myntra.com/lounge-tshirts/roadster/the-roadster-lifestyle-co-round-neck-short-sleeve-lounge-t-shirts/31150909/buy
Kook N Keech,Solid Polo Collar T-shirt,Rs. 299,"https://assets.myntassets.com/dpr_2,q_60,w_210,c_limit,fl_progressive/assets/images/27595832/2024/2/14/59c56067-5d06-4348-af2f-4efd05fbf51c1707923929571USPoloAssnMensStripedNeckCottonOEE01LoungeT-Shirt-PackOf21.jpg",https://www.myntra.com/tshirts/kook+n+keech/kook-n-keech-solid-polo-collar-pure-cotton-t-shirt/31775995/buy
Technosport,Men Antimicrobial T-shirt,Rs. 342,"https://assets.myntassets.com/dpr_2,q_60,w_210,c_limit,fl_progressive/assets/images/27595832/2024/2/14/59c56067-5d06-4348-af2f-4efd05fbf51c1707923929571USPoloAssnMensStripedNeckCottonOEE01LoungeT-Shirt-PackOf21.jpg",https://www.myntra.com/tshirts/technosport/technosport-antimicrobial-active-slim-fit-t-shirt/21790272/buy
Ducati,Pure Cotton Boxy T-shirt,Rs. 390,"https://assets.myntassets.com/dpr_2,q_60,w_210,c_limit,fl_progressive/assets/images/27595832/2024/2/14/59c56067-5d06-4348-af2f-4efd05fbf51c1707923929571USPoloAssnMensStripedNeckCottonOEE01LoungeT-Shirt-PackOf21.jpg",https://www.myntra.com/tshirts/ducati/ducati-printed-polo-collar-pure-cotton-boxy-t-shirt/27632268/buy
H&M,Regular Fit Round-Neck T-Shirt,No Price,"https://assets.myntassets.com/dpr_2,q_60,w_210,c_limit,fl_progressive/assets/images/27595832/2024/2/14/59c56067-5d06-4348-af2f-4efd05fbf51c1707923929571USPoloAssnMensStripedNeckCottonOEE01LoungeT-Shirt-PackOf21.jpg",https://www.myntra.com/tshirts/h%26m/hm-regular-fit-round-neck-t-shirt/32015051/buy
Kook N Keech,Printed Oversized T-Shirt,Rs. 377,"https://assets.myntassets.com/dpr_2,q_60,w_210,c_limit,fl_progressive/assets/images/27595832/2024/2/14/59c56067-5d06-4348-af2f-4efd05fbf51c1707923929571USPoloAssnMensStripedNeckCottonOEE01LoungeT-Shirt-PackOf21.jpg",https://www.myntra.com/tshirts/kook+n+keech/kook-n-keech-retro-rally-printed-oversized-t-shirt/30023772/buy
Roadster,Pure Cotton Oversized Tshirt,Rs. 351,"https://assets.myntassets.com/dpr_2,q_60,w_210,c_limit,fl_progressive/assets/images/27595832/2024/2/14/59c56067-5d06-4348-af2f-4efd05fbf51c1707923929571USPoloAssnMensStripedNeckCottonOEE01LoungeT-Shirt-PackOf21.jpg",https://www.myntra.com/tshirts/roadster/roadster-grey-typography-printed-pure-cotton-oversized-tshirt/23945990/buy
HRX by Hrithik Roshan,Typography Printed T-shirt,Rs. 323,"https://assets.myntassets.com/dpr_2,q_60,w_210,c_limit,fl_progressive/assets/images/27595832/2024/2/14/59c56067-5d06-4348-af2f-4efd05fbf51c1707923929571USPoloAssnMensStripedNeckCottonOEE01LoungeT-Shirt-PackOf21.jpg",https://www.myntra.com/tshirts/hrx+by+hrithik+roshan/hrx-by-hrithik-roshan-typography-printed-pure-cotton-yoga-t-shirt/30658961/buy
Mast & Harbour,Polo Collar T-shirt,Rs. 376,"https://assets.myntassets.com/dpr_2,q_60,w_210,c_limit,fl_progressive/assets/images/27595832/2024/2/14/59c56067-5d06-4348-af2f-4efd05fbf51c1707923929571USPoloAssnMensStripedNeckCottonOEE01LoungeT-Shirt-PackOf21.jpg",https://www.myntra.com/tshirts/mast+%26+harbour/mast--harbour-men-polo-collar-t-shirt/29947501/buy
Mast & Harbour,Colourblocked Polo T-shirt,Rs. 395,"https://assets.myntassets.com/dpr_2,q_60,w_210,c_limit,fl_progressive/assets/images/27595832/2024/2/14/59c56067-5d06-4348-af2f-4efd05fbf51c1707923929571USPoloAssnMensStripedNeckCottonOEE01LoungeT-Shirt-PackOf21.jpg",https://www.myntra.com/tshirts/mast+%26+harbour/mast--harbour-colourblocked-polo-collar-t-shirt/23966616/buy
HRX by Hrithik Roshan,Men Polo Collar T-shirt,Rs. 479,"https://assets.myntassets.com/dpr_2,q_60,w_210,c_limit,fl_progressive/assets/images/27595832/2024/2/14/59c56067-5d06-4348-af2f-4efd05fbf51c1707923929571USPoloAssnMensStripedNeckCottonOEE01LoungeT-Shirt-PackOf21.jpg",https://www.myntra.com/tshirts/hrx+by+hrithik+roshan/hrx-by-hrithik-roshan-men-polo-collar-t-shirt/27988882/buy
HIGHLANDER,Men Solid Oversized T-shirt,Rs. 367,"https://assets.myntassets.com/dpr_2,q_60,w_210,c_limit,fl_progressive/assets/images/27595832/2024/2/14/59c56067-5d06-4348-af2f-4efd05fbf51c1707923929571USPoloAssnMensStripedNeckCottonOEE01LoungeT-Shirt-PackOf21.jpg",https://www.myntra.com/tshirts/highlander/highlander-men-solid-round-neck-cotton-oversized-t-shirt/30689958/buy
Tshirts For Men,,,,
HIGHLANDER,Men Solid Relaxed Fit T-shirt,Rs. 356,"https://assets.myntassets.com/dpr_2,q_60,w_210,c_limit,fl_progressive/assets/images/2024/SEPTEMBER/30/sVGQI7kw_7c68d5b321d040c18207b11621b92a19.jpg",https://www.myntra.com/tshirts/highlander/highlander-men-solid-henley-neck-relaxed-fit-t-shirt/31183067/buy
Being Human,Solid T-shirt,Rs. 299,"https://assets.myntassets.com/dpr_2,q_60,w_210,c_limit,fl_progressive/assets/images/2024/SEPTEMBER/30/sVGQI7kw_7c68d5b321d040c18207b11621b92a19.jpg",https://www.myntra.com/tshirts/being+human/being-human-solid-t-shirt/31355021/buy
HRX by Hrithik Roshan,Men Polo Collar T-shirt,Rs. 489,"https://assets.myntassets.com/dpr_2,q_60,w_210,c_limit,fl_progressive/assets/images/2024/SEPTEMBER/30/sVGQI7kw_7c68d5b321d040c18207b11621b92a19.jpg",https://www.myntra.com/tshirts/hrx+by+hrithik+roshan/hrx-by-hrithik-roshan-men-polo-collar-t-shirt/27988894/buy
HRX by Hrithik Roshan,Printed Casual Polo T-shirt,Rs. 351,"https://assets.myntassets.com/dpr_2,q_60,w_210,c_limit,fl_progressive/assets/images/2024/SEPTEMBER/30/sVGQI7kw_7c68d5b321d040c18207b11621b92a19.jpg",https://www.myntra.com/tshirts/hrx+by+hrithik+roshan/hrx-by-hrithik-roshan-printed-casual-polo-t-shirt/30702177/buy
Roadster,Pure Cotton Lounge T-Shirts,Rs. 314,"https://assets.myntassets.com/dpr_2,q_60,w_210,c_limit,fl_progressive/assets/images/2024/SEPTEMBER/30/sVGQI7kw_7c68d5b321d040c18207b11621b92a19.jpg",https://www.myntra.com/lounge-tshirts/roadster/the-roadster-lifestyle-co-men-pure-cotton-short-sleeve-lounge-t-shirts/31150911/buy
HRX by Hrithik Roshan,Rapid-Dry Training T-shirt,Rs. 305,"https://assets.myntassets.com/dpr_2,q_60,w_210,c_limit,fl_progressive/assets/images/2024/SEPTEMBER/30/sVGQI7kw_7c68d5b321d040c18207b11621b92a19.jpg",https://www.myntra.com/tshirts/hrx+by+hrithik+roshan/hrx-by-hrithik-roshan-men-back-detail-rapid-dry-training-t-shirt/21774268/buy
HIGHLANDER,Men Printed Slim Fit T-shirt,Rs. 202,"https://assets.myntassets.com/dpr_2,q_60,w_210,c_limit,fl_progressive/assets/images/2024/SEPTEMBER/30/sVGQI7kw_7c68d5b321d040c18207b11621b92a19.jpg",https://www.myntra.com/tshirts/highlander/highlander-men-black-graphic-printed-slim-fit-cotton-t-shirt/17434876/buy
U.S. Polo Assn.,V-Neck Cotton Lounge T-shirts,Rs. 496,"https://assets.myntassets.com/dpr_2,q_60,w_210,c_limit,fl_progressive/assets/images/2024/SEPTEMBER/30/sVGQI7kw_7c68d5b321d040c18207b11621b92a19.jpg",https://www.myntra.com/lounge-tshirts/u.s.+polo+assn./us-polo-assn-embroidered-logo-v-neck-cotton-lounge-t-shirts/22492580/buy
DAMENSCH,Pure Cotton Lounge T-shirt,Rs. 599,"https://assets.myntassets.com/dpr_2,q_60,w_210,c_limit,fl_progressive/assets/images/2024/SEPTEMBER/30/sVGQI7kw_7c68d5b321d040c18207b11621b92a19.jpg",https://www.myntra.com/lounge-tshirts/damensch/damensch-neo-cool-pure-cotton-pocket-print-tank-top/19563328/buy
FLOSBERRY,Men Polo Collar T-shirt,Rs. 399,"https://assets.myntassets.com/dpr_2,q_60,w_210,c_limit,fl_progressive/assets/images/2024/SEPTEMBER/30/sVGQI7kw_7c68d5b321d040c18207b11621b92a19.jpg",https://www.myntra.com/tshirts/flosberry/flosberry-stylish-men-embroidered-polo-collar-t-shirt/29903380/buy
Mast & Harbour,Printed Drop-Shoulder T-shirt,Rs. 323,"https://assets.myntassets.com/dpr_2,q_60,w_210,c_limit,fl_progressive/assets/images/2024/SEPTEMBER/30/sVGQI7kw_7c68d5b321d040c18207b11621b92a19.jpg",https://www.myntra.com/tshirts/mast+%26+harbour/mast--harbour-printed-drop-shoulder-sleeves-t-shirt/30583030/buy
Roadster,Striped Relaxed Fit T-shirt,Rs. 369,"https://assets.myntassets.com/dpr_2,q_60,w_210,c_limit,fl_progressive/assets/images/2024/SEPTEMBER/30/sVGQI7kw_7c68d5b321d040c18207b11621b92a19.jpg",https://www.myntra.com/tshirts/roadster/the-roadster-lifestyle-co-men-striped-relaxed-fit-t-shirt/30162905/buy
H&M,Men T-shirt Relaxed Fit,No Price,"https://assets.myntassets.com/dpr_2,q_60,w_210,c_limit,fl_progressive/assets/images/2024/SEPTEMBER/30/sVGQI7kw_7c68d5b321d040c18207b11621b92a19.jpg",https://www.myntra.com/lounge-tshirts/h%26m/hm-men-black-t-shirt-relaxed-fit/11655366/buy
Roadster,Colourblocked T-shirt,Rs. 299,"https://assets.myntassets.com/dpr_2,q_60,w_210,c_limit,fl_progressive/assets/images/2024/SEPTEMBER/30/sVGQI7kw_7c68d5b321d040c18207b11621b92a19.jpg",https://www.myntra.com/tshirts/roadster/roadster-men-black--blue-colourblocked-round-neck-t-shirt/2499318/buy
Mast & Harbour,Pure Cotton T-shirt,Rs. 323,"https://assets.myntassets.com/dpr_2,q_60,w_210,c_limit,fl_progressive/assets/images/2024/SEPTEMBER/30/sVGQI7kw_7c68d5b321d040c18207b11621b92a19.jpg",https://www.myntra.com/tshirts/mast+%26+harbour/mast--harbour-long-sleeves-pure-cotton-t-shirt/21090396/buy
STARFOX,Men Printed Slim Fit T-shirt,Rs. 449,"https://assets.myntassets.com/dpr_2,q_60,w_210,c_limit,fl_progressive/assets/images/2024/SEPTEMBER/30/sVGQI7kw_7c68d5b321d040c18207b11621b92a19.jpg",https://www.myntra.com/tshirts/starfox/starfox-men-brand-logo-printed-polo-collar-cotton-slim-fit-t-shirt/31148148/buy
HRX by Hrithik Roshan,Printed Running T-shirt,Rs. 323,"https://assets.myntassets.com/dpr_2,q_60,w_210,c_limit,fl_progressive/assets/images/2024/SEPTEMBER/30/sVGQI7kw_7c68d5b321d040c18207b11621b92a19.jpg",https://www.myntra.com/tshirts/hrx+by+hrithik+roshan/hrx-by-hrithik-roshan-printed-running-t-shirt/30698715/buy
Roadster,Self Design Henley Neck T-shirt,Rs. 395,"https://assets.myntassets.com/dpr_2,q_60,w_210,c_limit,fl_progressive/assets/images/2024/SEPTEMBER/30/sVGQI7kw_7c68d5b321d040c18207b11621b92a19.jpg",https://www.myntra.com/tshirts/roadster/roadster-men-black-self-design-henley-neck-t-shirt/12120706/buy
Roadster,Cotton Relaxed Fit T-shirt,Rs. 407,"https://assets.myntassets.com/dpr_2,q_60,w_210,c_limit,fl_progressive/assets/images/2024/SEPTEMBER/30/sVGQI7kw_7c68d5b321d040c18207b11621b92a19.jpg",https://www.myntra.com/tshirts/roadster/the-roadster-lifestyle-co-men-polo-collar-pure-cotton-relaxed-fit-t-shirt/29555492/buy
HRX by Hrithik Roshan,Running Rapid-Dry T-shirt,Rs. 305,"https://assets.myntassets.com/dpr_2,q_60,w_210,c_limit,fl_progressive/assets/images/2024/SEPTEMBER/30/sVGQI7kw_7c68d5b321d040c18207b11621b92a19.jpg",https://www.myntra.com/tshirts/hrx+by+hrithik+roshan/hrx-by-hrithik-roshan-men-running-rapid-dry-t-shirt/30698725/buy
Roadster,Men Polo Collar T-shirt,Rs. 395,"https://assets.myntassets.com/dpr_2,q_60,w_210,c_limit,fl_progressive/assets/images/2024/SEPTEMBER/30/sVGQI7kw_7c68d5b321d040c18207b11621b92a19.jpg",https://www.myntra.com/tshirts/roadster/the-roadster-lifestyle-co-men-green-polo-collar-pure-cotton-t-shirt/18046484/buy
Urbano Fashion,Men Printed Slim Fit T-shirt,Rs. 307,"https://assets.myntassets.com/dpr_2,q_60,w_210,c_limit,fl_progressive/assets/images/2024/SEPTEMBER/30/sVGQI7kw_7c68d5b321d040c18207b11621b92a19.jpg",https://www.myntra.com/tshirts/urbano+fashion/urbano-fashion-men-olive-green-printed-tropical-slim-fit-t-shirt/15205794/buy
R.Code by The Roadster Life Co.,Men Polo Collar T-shirt,Rs. 369,"https://assets.myntassets.com/dpr_2,q_60,w_210,c_limit,fl_progressive/assets/images/2024/SEPTEMBER/30/sVGQI7kw_7c68d5b321d040c18207b11621b92a19.jpg",https://www.myntra.com/tshirts/r.code+by+the+roadster+life+co./rcode-by-the-roadster-life-co-men-solid-polo-collar-t-shirt/25348572/buy
DAMENSCH,Cotton Blend Tank Top,Rs. 552,"https://assets.myntassets.com/dpr_2,q_60,w_210,c_limit,fl_progressive/assets/images/2024/SEPTEMBER/30/sVGQI7kw_7c68d5b321d040c18207b11621b92a19.jpg",https://www.myntra.com/lounge-tshirts/damensch/damensch-casual-cotton-blend-tank-top/22879686/buy
Mast & Harbour,Solid Pure Cotton T-shirt,Rs. 300,"https://assets.myntassets.com/dpr_2,q_60,w_210,c_limit,fl_progressive/assets/images/2024/SEPTEMBER/30/sVGQI7kw_7c68d5b321d040c18207b11621b92a19.jpg",https://www.myntra.com/tshirts/mast+%26+harbour/mast--harbour-men-pink-solid-pure-cotton-t-shirt/13343622/buy
Kook N Keech,Oversized Cotton T-shirt,Rs. 352,"https://assets.myntassets.com/dpr_2,q_60,w_210,c_limit,fl_progressive/assets/images/2024/SEPTEMBER/30/sVGQI7kw_7c68d5b321d040c18207b11621b92a19.jpg",https://www.myntra.com/tshirts/kook+n+keech/kook-n-keech-men-printed-oversized-pure-cotton-t-shirt/30602903/buy
KETCH,Polo Collar T-shirt,Rs. 367,"https://assets.myntassets.com/dpr_2,q_60,w_210,c_limit,fl_progressive/assets/images/2024/SEPTEMBER/30/sVGQI7kw_7c68d5b321d040c18207b11621b92a19.jpg",https://www.myntra.com/tshirts/ketch/ketch-colourblocked-polo-collar-popcorn-structured-t-shirt/25340792/buy
R.Code by The Roadster Life Co.,Men Polo Collar T-shirt,Rs. 369,"https://assets.myntassets.com/dpr_2,q_60,w_210,c_limit,fl_progressive/assets/images/2024/SEPTEMBER/30/sVGQI7kw_7c68d5b321d040c18207b11621b92a19.jpg",https://www.myntra.com/tshirts/r.code+by+the+roadster+life+co./rcode-by-the-roadster-life-co-men-solid-polo-collar-t-shirt/25348570/buy
HRX by Hrithik Roshan,Cotton Yoga T-shirt,Rs. 305,"https://assets.myntassets.com/dpr_2,q_60,w_210,c_limit,fl_progressive/assets/images/2024/SEPTEMBER/30/sVGQI7kw_7c68d5b321d040c18207b11621b92a19.jpg",https://www.myntra.com/tshirts/hrx+by+hrithik+roshan/hrx-by-hrithik-roshan-men-printed-pure-cotton-yoga-t-shirt/30658972/buy
HRX by Hrithik Roshan,Rapid-Dry Sports T-shirt,Rs. 335,"https://assets.myntassets.com/dpr_2,q_60,w_210,c_limit,fl_progressive/assets/images/2024/SEPTEMBER/30/sVGQI7kw_7c68d5b321d040c18207b11621b92a19.jpg",https://www.myntra.com/tshirts/hrx+by+hrithik+roshan/hrx-by-hrithik-roshan-men-printed-raglan-sleeves-rapid-dry-sports-t-shirt/26025794/buy
HRX by Hrithik Roshan,Rapid-Dry Sports T-shirt,Rs. 335,"https://assets.myntassets.com/dpr_2,q_60,w_210,c_limit,fl_progressive/assets/images/2024/SEPTEMBER/30/sVGQI7kw_7c68d5b321d040c18207b11621b92a19.jpg",https://www.myntra.com/tshirts/hrx+by+hrithik+roshan/hrx-by-hrithik-roshan-men-raglan-sleeves-rapid-dry-sports-t-shirt/26025854/buy
HRX by Hrithik Roshan,Rapid-Dry Training T-shirt,Rs. 329,"https://assets.myntassets.com/dpr_2,q_60,w_210,c_limit,fl_progressive/assets/images/2024/SEPTEMBER/30/sVGQI7kw_7c68d5b321d040c18207b11621b92a19.jpg",https://www.myntra.com/tshirts/hrx+by+hrithik+roshan/hrx-by-hrithik-roshan-brand-logo-rapid-dry-training-t-shirt/26045084/buy
XYXX,Pure Cotton T-shirt,Rs. 345,"https://assets.myntassets.com/dpr_2,q_60,w_210,c_limit,fl_progressive/assets/images/2024/SEPTEMBER/30/sVGQI7kw_7c68d5b321d040c18207b11621b92a19.jpg",https://www.myntra.com/tshirts/xyxx/xyxx-men-pace-intellieaze-cotton-t-shirt/24026378/buy
HRX by Hrithik Roshan,Rapid-Dry Training T-shirt,Rs. 341,"https://assets.myntassets.com/dpr_2,q_60,w_210,c_limit,fl_progressive/assets/images/2024/SEPTEMBER/30/sVGQI7kw_7c68d5b321d040c18207b11621b92a19.jpg",https://www.myntra.com/tshirts/hrx+by+hrithik+roshan/hrx-by-hrithik-roshan-printed-rapid-dry-training-t-shirt/31346267/buy
Sweet Dreams,Shorts Sleeved Lounge Tshirts,Rs. 399,"https://assets.myntassets.com/dpr_2,q_60,w_210,c_limit,fl_progressive/assets/images/2024/SEPTEMBER/30/sVGQI7kw_7c68d5b321d040c18207b11621b92a19.jpg",https://www.myntra.com/lounge-tshirts/sweet+dreams/sweet-dreams-men-shorts-sleeved-lounge-tshirts/31456484/buy
HRX by Hrithik Roshan,Rapid-Dry Running T-shirt,Rs. 323,"https://assets.myntassets.com/dpr_2,q_60,w_210,c_limit,fl_progressive/assets/images/2024/SEPTEMBER/30/sVGQI7kw_7c68d5b321d040c18207b11621b92a19.jpg",https://www.myntra.com/tshirts/hrx+by+hrithik+roshan/hrx-by-hrithik-roshan-men-rapid-dry-running-t-shirt/30390299/buy
Roadster,Solid Polo Collar T-shirt,Rs. 443,"https://assets.myntassets.com/dpr_2,q_60,w_210,c_limit,fl_progressive/assets/images/2024/SEPTEMBER/30/sVGQI7kw_7c68d5b321d040c18207b11621b92a19.jpg",https://www.myntra.com/tshirts/roadster/roadster-men-grey-solid-polo-collar-t-shirt/11533022/buy
HRX by Hrithik Roshan,Training T-shirt,Rs. 323,"https://assets.myntassets.com/dpr_2,q_60,w_210,c_limit,fl_progressive/assets/images/2024/SEPTEMBER/30/sVGQI7kw_7c68d5b321d040c18207b11621b92a19.jpg",https://www.myntra.com/tshirts/hrx+by+hrithik+roshan/hrx-by-hrithik-roshan-men-training-t-shirt/30659592/buy
Roadster,Cotton Oversized T-shirt,Rs. 305,"https://assets.myntassets.com/dpr_2,q_60,w_210,c_limit,fl_progressive/assets/images/2024/SEPTEMBER/30/sVGQI7kw_7c68d5b321d040c18207b11621b92a19.jpg",https://www.myntra.com/tshirts/roadster/the-roadster-lifestyle-co-oversized-fit-pure-cotton-t-shirt/24917872/buy
HIGHLANDER,Men Printed Oversized T-shirt,Rs. 356,"https://assets.myntassets.com/dpr_2,q_60,w_210,c_limit,fl_progressive/assets/images/2024/SEPTEMBER/30/sVGQI7kw_7c68d5b321d040c18207b11621b92a19.jpg",https://www.myntra.com/tshirts/highlander/highlander-men-typography-printed-round-neck-cotton-oversized-t-shirt/31175981/buy
Being Human,Men Typography Printed T-shirt,Rs. 359,"https://assets.myntassets.com/dpr_2,q_60,w_210,c_limit,fl_progressive/assets/images/2024/SEPTEMBER/30/sVGQI7kw_7c68d5b321d040c18207b11621b92a19.jpg",https://www.myntra.com/tshirts/being+human/being-human-typography-printed-pure-cotton-t-shirt/31777171/buy
HRX by Hrithik Roshan,Printed Lifestyle T-shirt,Rs. 323,"https://assets.myntassets.com/dpr_2,q_60,w_210,c_limit,fl_progressive/assets/images/2024/SEPTEMBER/30/sVGQI7kw_7c68d5b321d040c18207b11621b92a19.jpg",https://www.myntra.com/tshirts/hrx+by+hrithik+roshan/hrx-by-hrithik-roshan-streetpulse-typography-printed-lifestyle-t-shirt/30036642/buy
Roadster,Longline T-shirt,Rs. 329,"https://assets.myntassets.com/dpr_2,q_60,w_210,c_limit,fl_progressive/assets/images/2024/SEPTEMBER/30/sVGQI7kw_7c68d5b321d040c18207b11621b92a19.jpg",https://www.myntra.com/tshirts/roadster/roadster-men-longline-t-shirt/23660872/buy
HRX by Hrithik Roshan,Rapid-Dry Training T-shirt,Rs. 341,"https://assets.myntassets.com/dpr_2,q_60,w_210,c_limit,fl_progressive/assets/images/2024/SEPTEMBER/30/sVGQI7kw_7c68d5b321d040c18207b11621b92a19.jpg",https://www.myntra.com/tshirts/hrx+by+hrithik+roshan/hrx-by-hrithik-roshan-rapid-dry-printed-training-t-shirt/28619360/buy
Kook N Keech,Men Dyed Pure Cotton T-shirt,Rs. 309,"https://assets.myntassets.com/dpr_2,q_60,w_210,c_limit,fl_progressive/assets/images/2024/SEPTEMBER/30/sVGQI7kw_7c68d5b321d040c18207b11621b92a19.jpg",https://www.myntra.com/tshirts/kook+n+keech/kook-n-keech-men-tie-and-dye-drop-shoulder-sleeves-oversized-pure-cotton-t-shirt/23589134/buy
DILLINGER,Men Printed Oversized T-shirt,Rs. 349,"https://assets.myntassets.com/dpr_2,q_60,w_210,c_limit,fl_progressive/assets/images/2024/SEPTEMBER/30/sVGQI7kw_7c68d5b321d040c18207b11621b92a19.jpg",https://www.myntra.com/tshirts/dillinger/dillinger-men-round-neck-abstract-printed-oversized-pure-cotton-t-shirt/29987706/buy
Technosport,Antimicrobial Slim Fit T-shirt,No Price,"https://assets.myntassets.com/dpr_2,q_60,w_210,c_limit,fl_progressive/assets/images/2024/SEPTEMBER/30/sVGQI7kw_7c68d5b321d040c18207b11621b92a19.jpg",https://www.myntra.com/tshirts/technosport/technosport-antimicrobial-slim-fit-training-or-gym-t-shirt/22923976/buy
Flying Machine,Relaxed Fit T-shirt,Rs. 399,"https://assets.myntassets.com/dpr_2,q_60,w_210,c_limit,fl_progressive/assets/images/2024/SEPTEMBER/30/sVGQI7kw_7c68d5b321d040c18207b11621b92a19.jpg",https://www.myntra.com/tshirts/flying+machine/flying-machine-drop-shoulder-sleeves-relaxed-fit-t-shirt/31598721/buy
Roadster,Striped T-shirt,Rs. 332,"https://assets.myntassets.com/dpr_2,q_60,w_210,c_limit,fl_progressive/assets/images/2024/SEPTEMBER/30/sVGQI7kw_7c68d5b321d040c18207b11621b92a19.jpg",https://www.myntra.com/tshirts/roadster/the-roadster-lifestyle-co-striped-t-shirt/27689466/buy
encore by INVICTUS,Checked Polo Collar T-shirt,Rs. 351,"https://assets.myntassets.com/dpr_2,q_60,w_210,c_limit,fl_progressive/assets/images/2024/SEPTEMBER/30/sVGQI7kw_7c68d5b321d040c18207b11621b92a19.jpg",https://www.myntra.com/tshirts/encore+by+invictus/encore-by-invictus-checked-polo-collar-t-shirt/26695780/buy
Tshirts For Men,,,,
DAMENSCH,Solid Cotton Blend Tank Top,Rs. 454,"https://assets.myntassets.com/dpr_2,q_60,w_210,c_limit,fl_progressive/assets/images/19563332/2024/1/17/2c3aed8f-9dd3-4d33-a60e-4311d5b4f6ae1705488780955-DaMENSCH-Men-Casual-Solid-Cotton-Blend-Tank-Top-625170548878-1.jpg",https://www.myntra.com/lounge-tshirts/damensch/damensch-men-casual-solid-cotton-blend-tank-top/19563332/buy
HRX by Hrithik Roshan,Men Polo Collar T-shirt,Rs. 479,"https://assets.myntassets.com/dpr_2,q_60,w_210,c_limit,fl_progressive/assets/images/19563332/2024/1/17/2c3aed8f-9dd3-4d33-a60e-4311d5b4f6ae1705488780955-DaMENSCH-Men-Casual-Solid-Cotton-Blend-Tank-Top-625170548878-1.jpg",https://www.myntra.com/tshirts/hrx+by+hrithik+roshan/hrx-by-hrithik-roshan-men-polo-collar-tennis-t-shirt/27988878/buy
Being Human,Pure Cotton Relaxed T-shirt,Rs. 383,"https://assets.myntassets.com/dpr_2,q_60,w_210,c_limit,fl_progressive/assets/images/19563332/2024/1/17/2c3aed8f-9dd3-4d33-a60e-4311d5b4f6ae1705488780955-DaMENSCH-Men-Casual-Solid-Cotton-Blend-Tank-Top-625170548878-1.jpg",https://www.myntra.com/tshirts/being+human/being-human-pure-cotton-drop-shoulder-sleeves-relaxed-fit-t-shirt/31355091/buy
HRX by Hrithik Roshan,Rapid-Dry Football T-shirt,Rs. 341,"https://assets.myntassets.com/dpr_2,q_60,w_210,c_limit,fl_progressive/assets/images/19563332/2024/1/17/2c3aed8f-9dd3-4d33-a60e-4311d5b4f6ae1705488780955-DaMENSCH-Men-Casual-Solid-Cotton-Blend-Tank-Top-625170548878-1.jpg",https://www.myntra.com/tshirts/hrx+by+hrithik+roshan/hrx-by-hrithik-roshan-brand-logo-printed-rapid-dry-football-t-shirt/23542780/buy
U.S. Polo Assn.,Round Neck Lounge Tshirts,Rs. 662,"https://assets.myntassets.com/dpr_2,q_60,w_210,c_limit,fl_progressive/assets/images/19563332/2024/1/17/2c3aed8f-9dd3-4d33-a60e-4311d5b4f6ae1705488780955-DaMENSCH-Men-Casual-Solid-Cotton-Blend-Tank-Top-625170548878-1.jpg",https://www.myntra.com/lounge-tshirts/u.s.+polo+assn./us-polo-assn-round-neck-lounge-tshirts/22553214/buy
HRX by Hrithik Roshan,Ultralyte Men Running T-shirt,Rs. 305,"https://assets.myntassets.com/dpr_2,q_60,w_210,c_limit,fl_progressive/assets/images/19563332/2024/1/17/2c3aed8f-9dd3-4d33-a60e-4311d5b4f6ae1705488780955-DaMENSCH-Men-Casual-Solid-Cotton-Blend-Tank-Top-625170548878-1.jpg",https://www.myntra.com/tshirts/hrx+by+hrithik+roshan/hrx-by-hrithik-roshan-ultralyte-men-black-running-t-shirt/10106341/buy
Mast & Harbour,Printed Pure Cotton T-shirt,Rs. 350,"https://assets.myntassets.com/dpr_2,q_60,w_210,c_limit,fl_progressive/assets/images/19563332/2024/1/17/2c3aed8f-9dd3-4d33-a60e-4311d5b4f6ae1705488780955-DaMENSCH-Men-Casual-Solid-Cotton-Blend-Tank-Top-625170548878-1.jpg",https://www.myntra.com/tshirts/mast+%26+harbour/mast--harbour-graphic-printed-drop-shoulder-sleeves-oversized-pure-cotton-t-shirt/30290784/buy
Gajraj,Men Solid Slim Fit T-shirt,Rs. 399,"https://assets.myntassets.com/dpr_2,q_60,w_210,c_limit,fl_progressive/assets/images/19563332/2024/1/17/2c3aed8f-9dd3-4d33-a60e-4311d5b4f6ae1705488780955-DaMENSCH-Men-Casual-Solid-Cotton-Blend-Tank-Top-625170548878-1.jpg",https://www.myntra.com/tshirts/gajraj/gajraj-men-solid-high-neck-cotton-slim-fit-t-shirt/31082043/buy
max,Pack of 3 Cotton T-shirts,Rs. 636,"https://assets.myntassets.com/dpr_2,q_60,w_210,c_limit,fl_progressive/assets/images/19563332/2024/1/17/2c3aed8f-9dd3-4d33-a60e-4311d5b4f6ae1705488780955-DaMENSCH-Men-Casual-Solid-Cotton-Blend-Tank-Top-625170548878-1.jpg",https://www.myntra.com/lounge-tshirts/max/max-men-solid-t-shirt---pack-of-2/30250880/buy
Roadster,Striped Henley Neck Pure Cotton T-shirt,Rs. 379,"https://assets.myntassets.com/dpr_2,q_60,w_210,c_limit,fl_progressive/assets/images/19563332/2024/1/17/2c3aed8f-9dd3-4d33-a60e-4311d5b4f6ae1705488780955-DaMENSCH-Men-Casual-Solid-Cotton-Blend-Tank-Top-625170548878-1.jpg",https://www.myntra.com/tshirts/roadster/roadster-men-grey-melange--white-striped-henley-neck-pure-cotton-t-shirt/12205792/buy
glitchez,Hooded Relaxed T-shirt,Rs. 347,"https://assets.myntassets.com/dpr_2,q_60,w_210,c_limit,fl_progressive/assets/images/19563332/2024/1/17/2c3aed8f-9dd3-4d33-a60e-4311d5b4f6ae1705488780955-DaMENSCH-Men-Casual-Solid-Cotton-Blend-Tank-Top-625170548878-1.jpg",https://www.myntra.com/tshirts/glitchez/glitchez-scorpio-flex-printed-hooded-relaxed-t-shirt-/31338582/buy
XYXX,Round Neck Cotton T-Shirt,Rs. 345,"https://assets.myntassets.com/dpr_2,q_60,w_210,c_limit,fl_progressive/assets/images/19563332/2024/1/17/2c3aed8f-9dd3-4d33-a60e-4311d5b4f6ae1705488780955-DaMENSCH-Men-Casual-Solid-Cotton-Blend-Tank-Top-625170548878-1.jpg",https://www.myntra.com/tshirts/xyxx/xyxx-men--pace-intellieaze-cotton-t-shirt/24062056/buy
Mast & Harbour,Solid Polo Collar Pure Cotton T-shirt,Rs. 367,"https://assets.myntassets.com/dpr_2,q_60,w_210,c_limit,fl_progressive/assets/images/19563332/2024/1/17/2c3aed8f-9dd3-4d33-a60e-4311d5b4f6ae1705488780955-DaMENSCH-Men-Casual-Solid-Cotton-Blend-Tank-Top-625170548878-1.jpg",https://www.myntra.com/tshirts/mast+%26+harbour/mast--harbour-men-blue-solid-polo-collar-pure-cotton-t-shirt/1711532/buy
U.S. Polo Assn.,Men Lightweight Lounge T-shirt,Rs. 517,"https://assets.myntassets.com/dpr_2,q_60,w_210,c_limit,fl_progressive/assets/images/19563332/2024/1/17/2c3aed8f-9dd3-4d33-a60e-4311d5b4f6ae1705488780955-DaMENSCH-Men-Casual-Solid-Cotton-Blend-Tank-Top-625170548878-1.jpg",https://www.myntra.com/lounge-tshirts/u.s.+polo+assn./us-polo-assn-men-pure-cotton-lightweight-lounge-t-shirt/22492592/buy
max,Polo Collar Casual T-shirt,No Price,"https://assets.myntassets.com/dpr_2,q_60,w_210,c_limit,fl_progressive/assets/images/19563332/2024/1/17/2c3aed8f-9dd3-4d33-a60e-4311d5b4f6ae1705488780955-DaMENSCH-Men-Casual-Solid-Cotton-Blend-Tank-Top-625170548878-1.jpg",https://www.myntra.com/tshirts/max/max-polo-collar-casual-t-shirt/23543792/buy
Lux Cozi,2-Pcs Printed Lounge T-Shirts,Rs. 450,"https://assets.myntassets.com/dpr_2,q_60,w_210,c_limit,fl_progressive/assets/images/19563332/2024/1/17/2c3aed8f-9dd3-4d33-a60e-4311d5b4f6ae1705488780955-DaMENSCH-Men-Casual-Solid-Cotton-Blend-Tank-Top-625170548878-1.jpg",https://www.myntra.com/lounge-tshirts/lux+cozi/lux-cozi-pack-of-2-printed-combed-cotton-lounge-t-shirts/29589912/buy
Roadster,Men Printed Cotton T-shirt,Rs. 433,"https://assets.myntassets.com/dpr_2,q_60,w_210,c_limit,fl_progressive/assets/images/19563332/2024/1/17/2c3aed8f-9dd3-4d33-a60e-4311d5b4f6ae1705488780955-DaMENSCH-Men-Casual-Solid-Cotton-Blend-Tank-Top-625170548878-1.jpg",https://www.myntra.com/tshirts/roadster/roadster-men-blue-printed-pure-cotton-polo-collar-t-shirt/17330514/buy
Mast & Harbour,Floral Polo Collar T-shirt,Rs. 383,"https://assets.myntassets.com/dpr_2,q_60,w_210,c_limit,fl_progressive/assets/images/19563332/2024/1/17/2c3aed8f-9dd3-4d33-a60e-4311d5b4f6ae1705488780955-DaMENSCH-Men-Casual-Solid-Cotton-Blend-Tank-Top-625170548878-1.jpg",https://www.myntra.com/tshirts/mast+%26+harbour/mast--harbour-men-floral-printed-polo-collar-t-shirt/27196434/buy
Roadster,Pure Cotton Lounge T-Shirt,Rs. 314,"https://assets.myntassets.com/dpr_2,q_60,w_210,c_limit,fl_progressive/assets/images/19563332/2024/1/17/2c3aed8f-9dd3-4d33-a60e-4311d5b4f6ae1705488780955-DaMENSCH-Men-Casual-Solid-Cotton-Blend-Tank-Top-625170548878-1.jpg",https://www.myntra.com/lounge-tshirts/roadster/the-roadster-lifestyle-co-men-pure-cotton-short-sleeve-lounge-t-shirt/31150910/buy
INVICTUS,Striped Polo Collar Pure Cotton T-shirt,Rs. 407,"https://assets.myntassets.com/dpr_2,q_60,w_210,c_limit,fl_progressive/assets/images/19563332/2024/1/17/2c3aed8f-9dd3-4d33-a60e-4311d5b4f6ae1705488780955-DaMENSCH-Men-Casual-Solid-Cotton-Blend-Tank-Top-625170548878-1.jpg",https://www.myntra.com/tshirts/invictus/invictus-men-black--red-striped-polo-collar-pure-cotton-t-shirt/13313612/buy
Roadster,Striped Relaxed Fit T-shirt,Rs. 341,"https://assets.myntassets.com/dpr_2,q_60,w_210,c_limit,fl_progressive/assets/images/19563332/2024/1/17/2c3aed8f-9dd3-4d33-a60e-4311d5b4f6ae1705488780955-DaMENSCH-Men-Casual-Solid-Cotton-Blend-Tank-Top-625170548878-1.jpg",https://www.myntra.com/tshirts/roadster/the-roadster-life-co-striped-relaxed-fit-t-shirt/30162960/buy
Roadster,Pure Cotton T-shirt,Rs. 309,"https://assets.myntassets.com/dpr_2,q_60,w_210,c_limit,fl_progressive/assets/images/19563332/2024/1/17/2c3aed8f-9dd3-4d33-a60e-4311d5b4f6ae1705488780955-DaMENSCH-Men-Casual-Solid-Cotton-Blend-Tank-Top-625170548878-1.jpg",https://www.myntra.com/tshirts/roadster/roadster-men-white-pure-cotton-t-shirt/11943322/buy
R.Code by The Roadster Life Co.,Solid T-shirt,Rs. 335,"https://assets.myntassets.com/dpr_2,q_60,w_210,c_limit,fl_progressive/assets/images/19563332/2024/1/17/2c3aed8f-9dd3-4d33-a60e-4311d5b4f6ae1705488780955-DaMENSCH-Men-Casual-Solid-Cotton-Blend-Tank-Top-625170548878-1.jpg",https://www.myntra.com/tshirts/r.code+by+the+roadster+life+co./rcode-by-the-roadster-life-co-men-solid-t-shirt/25253420/buy
HRX by Hrithik Roshan,Polo Collar T-shirt,Rs. 363,"https://assets.myntassets.com/dpr_2,q_60,w_210,c_limit,fl_progressive/assets/images/19563332/2024/1/17/2c3aed8f-9dd3-4d33-a60e-4311d5b4f6ae1705488780955-DaMENSCH-Men-Casual-Solid-Cotton-Blend-Tank-Top-625170548878-1.jpg",https://www.myntra.com/tshirts/hrx+by+hrithik+roshan/hrx-by-hrithik-roshan-men-polo-collar-t-shirt/30702178/buy
H&M,White Solid T-shirt Loose Fit,No Price,"https://assets.myntassets.com/dpr_2,q_60,w_210,c_limit,fl_progressive/assets/images/19563332/2024/1/17/2c3aed8f-9dd3-4d33-a60e-4311d5b4f6ae1705488780955-DaMENSCH-Men-Casual-Solid-Cotton-Blend-Tank-Top-625170548878-1.jpg",https://www.myntra.com/lounge-tshirts/h%26m/hm-men-white-solid-t-shirt-loose-fit/11468744/buy
Van Heusen,Cotton Smart Tech T-shirt,Rs. 588,"https://assets.myntassets.com/dpr_2,q_60,w_210,c_limit,fl_progressive/assets/images/19563332/2024/1/17/2c3aed8f-9dd3-4d33-a60e-4311d5b4f6ae1705488780955-DaMENSCH-Men-Casual-Solid-Cotton-Blend-Tank-Top-625170548878-1.jpg",https://www.myntra.com/lounge-tshirts/van+heusen/van-heusen-athleisure-cotton-smart-tech-easy-stain-release-t-shirt/15734676/buy
French Connection,Men Pure Cotton T-shirt,Rs. 359,"https://assets.myntassets.com/dpr_2,q_60,w_210,c_limit,fl_progressive/assets/images/19563332/2024/1/17/2c3aed8f-9dd3-4d33-a60e-4311d5b4f6ae1705488780955-DaMENSCH-Men-Casual-Solid-Cotton-Blend-Tank-Top-625170548878-1.jpg",https://www.myntra.com/tshirts/french+connection/french-connection-men-pure-cotton-printed-t-shirt/21518114/buy
Roadster,Men Polo Collar T-shirt,Rs. 349,"https://assets.myntassets.com/dpr_2,q_60,w_210,c_limit,fl_progressive/assets/images/19563332/2024/1/17/2c3aed8f-9dd3-4d33-a60e-4311d5b4f6ae1705488780955-DaMENSCH-Men-Casual-Solid-Cotton-Blend-Tank-Top-625170548878-1.jpg",https://www.myntra.com/tshirts/roadster/roadster-men-regular-fit-polo-collar-t-shirt/22770654/buy
Kook N Keech,Oversized Polo Collar T-shirt,Rs. 317,"https://assets.myntassets.com/dpr_2,q_60,w_210,c_limit,fl_progressive/assets/images/19563332/2024/1/17/2c3aed8f-9dd3-4d33-a60e-4311d5b4f6ae1705488780955-DaMENSCH-Men-Casual-Solid-Cotton-Blend-Tank-Top-625170548878-1.jpg",https://www.myntra.com/tshirts/kook+n+keech/kook-n-keech-indie-street-floral-printed-polo-collar-oversized-fit-t-shirt/30023704/buy
DILLINGER,Pure Cotton T-shirt,Rs. 329,"https://assets.myntassets.com/dpr_2,q_60,w_210,c_limit,fl_progressive/assets/images/19563332/2024/1/17/2c3aed8f-9dd3-4d33-a60e-4311d5b4f6ae1705488780955-DaMENSCH-Men-Casual-Solid-Cotton-Blend-Tank-Top-625170548878-1.jpg",https://www.myntra.com/tshirts/dillinger/dillinger-men-pure-cotton-t-shirt/27527036/buy
Being Human,Pure Cotton Relaxed T-shirt,Rs. 359,"https://assets.myntassets.com/dpr_2,q_60,w_210,c_limit,fl_progressive/assets/images/19563332/2024/1/17/2c3aed8f-9dd3-4d33-a60e-4311d5b4f6ae1705488780955-DaMENSCH-Men-Casual-Solid-Cotton-Blend-Tank-Top-625170548878-1.jpg",https://www.myntra.com/tshirts/being+human/being-human-pure-cotton-drop-shoulder-sleeves-relaxed-fit-t-shirt/31355093/buy
MASCLN SASSAFRAS,Oversized Cotton T-shirt,Rs. 434,"https://assets.myntassets.com/dpr_2,q_60,w_210,c_limit,fl_progressive/assets/images/19563332/2024/1/17/2c3aed8f-9dd3-4d33-a60e-4311d5b4f6ae1705488780955-DaMENSCH-Men-Casual-Solid-Cotton-Blend-Tank-Top-625170548878-1.jpg",https://www.myntra.com/tshirts/mascln+sassafras/mascln-sassafras-graphic-printed-oversized-cotton-t-shirt/24519742/buy
max,Pack of 2 Cotton T-shirts,No Price,"https://assets.myntassets.com/dpr_2,q_60,w_210,c_limit,fl_progressive/assets/images/19563332/2024/1/17/2c3aed8f-9dd3-4d33-a60e-4311d5b4f6ae1705488780955-DaMENSCH-Men-Casual-Solid-Cotton-Blend-Tank-Top-625170548878-1.jpg",https://www.myntra.com/lounge-tshirts/max/max-men-solid-t-shirt---pack-of-2/30250873/buy
SLOWLORIS,Sleeveless Hooded T-shirt,Rs. 372,"https://assets.myntassets.com/dpr_2,q_60,w_210,c_limit,fl_progressive/assets/images/19563332/2024/1/17/2c3aed8f-9dd3-4d33-a60e-4311d5b4f6ae1705488780955-DaMENSCH-Men-Casual-Solid-Cotton-Blend-Tank-Top-625170548878-1.jpg",https://www.myntra.com/tshirts/slowloris/slowloris-sleeveless-hooded-t-shirt/27446884/buy
Kook N Keech,Pure Cotton Oversized T-shirt,Rs. 304,"https://assets.myntassets.com/dpr_2,q_60,w_210,c_limit,fl_progressive/assets/images/19563332/2024/1/17/2c3aed8f-9dd3-4d33-a60e-4311d5b4f6ae1705488780955-DaMENSCH-Men-Casual-Solid-Cotton-Blend-Tank-Top-625170548878-1.jpg",https://www.myntra.com/tshirts/kook+n+keech/kook-n-keech-graphic-printed-drop-shoulder-sleeves-pure-cotton-oversized-t-shirt/30379837/buy
glitchez,Oversized T-shirt,Rs. 304,"https://assets.myntassets.com/dpr_2,q_60,w_210,c_limit,fl_progressive/assets/images/19563332/2024/1/17/2c3aed8f-9dd3-4d33-a60e-4311d5b4f6ae1705488780955-DaMENSCH-Men-Casual-Solid-Cotton-Blend-Tank-Top-625170548878-1.jpg",https://www.myntra.com/tshirts/glitchez/glitchez-easy-street-oversized-t-shirt/31819277/buy
Kook N Keech,Cotton Oversized T-shirt,Rs. 332,"https://assets.myntassets.com/dpr_2,q_60,w_210,c_limit,fl_progressive/assets/images/19563332/2024/1/17/2c3aed8f-9dd3-4d33-a60e-4311d5b4f6ae1705488780955-DaMENSCH-Men-Casual-Solid-Cotton-Blend-Tank-Top-625170548878-1.jpg",https://www.myntra.com/tshirts/kook+n+keech/kook-n-keech-graphic-printed-drop-shoulder-sleeves-pure-cotton-oversized-t-shirt/23588978/buy
HIGHLANDER,Men Printed Slim Fit T-shirt,Rs. 399,"https://assets.myntassets.com/dpr_2,q_60,w_210,c_limit,fl_progressive/assets/images/19563332/2024/1/17/2c3aed8f-9dd3-4d33-a60e-4311d5b4f6ae1705488780955-DaMENSCH-Men-Casual-Solid-Cotton-Blend-Tank-Top-625170548878-1.jpg",https://www.myntra.com/tshirts/highlander/highlander-men-purple-printed-slim-fit-t-shirt/20502058/buy
Kook N Keech,Solid Polo Collar T-shirt,Rs. 299,"https://assets.myntassets.com/dpr_2,q_60,w_210,c_limit,fl_progressive/assets/images/19563332/2024/1/17/2c3aed8f-9dd3-4d33-a60e-4311d5b4f6ae1705488780955-DaMENSCH-Men-Casual-Solid-Cotton-Blend-Tank-Top-625170548878-1.jpg",https://www.myntra.com/tshirts/kook+n+keech/kook-n-keech-solid-polo-collar-pure-cotton-t-shirt/31827847/buy
Mast & Harbour,Dyed Relaxed T-shirt,Rs. 347,"https://assets.myntassets.com/dpr_2,q_60,w_210,c_limit,fl_progressive/assets/images/19563332/2024/1/17/2c3aed8f-9dd3-4d33-a60e-4311d5b4f6ae1705488780955-DaMENSCH-Men-Casual-Solid-Cotton-Blend-Tank-Top-625170548878-1.jpg",https://www.myntra.com/tshirts/mast+%26+harbour/mast--harbour-dyed-drop-shoulder-relaxed-t-shirt/29947457/buy
Kook N Keech,Pure Cotton Polo T-shirt,Rs. 299,"https://assets.myntassets.com/dpr_2,q_60,w_210,c_limit,fl_progressive/assets/images/19563332/2024/1/17/2c3aed8f-9dd3-4d33-a60e-4311d5b4f6ae1705488780955-DaMENSCH-Men-Casual-Solid-Cotton-Blend-Tank-Top-625170548878-1.jpg",https://www.myntra.com/tshirts/kook+n+keech/kook-n-keech-polo-collar-pure-cotton-t-shirt/31989565/buy
HIGHLANDER,Men Striped T-shirt,Rs. 402,"https://assets.myntassets.com/dpr_2,q_60,w_210,c_limit,fl_progressive/assets/images/19563332/2024/1/17/2c3aed8f-9dd3-4d33-a60e-4311d5b4f6ae1705488780955-DaMENSCH-Men-Casual-Solid-Cotton-Blend-Tank-Top-625170548878-1.jpg",https://www.myntra.com/tshirts/highlander/highlander-men-striped-round-neck-cotton-relaxed-fit-t-shirt/31281864/buy
HIGHLANDER,Men Typography Printed Slim Fit T-shirt,Rs. 167,"https://assets.myntassets.com/dpr_2,q_60,w_210,c_limit,fl_progressive/assets/images/19563332/2024/1/17/2c3aed8f-9dd3-4d33-a60e-4311d5b4f6ae1705488780955-DaMENSCH-Men-Casual-Solid-Cotton-Blend-Tank-Top-625170548878-1.jpg",https://www.myntra.com/tshirts/highlander/highlander-men-lime-green-typography-printed-slim-fit-cotton-t-shirt/17504746/buy
DAMENSCH,Ultralight Crew Cotton T-Shirt,Rs. 497,"https://assets.myntassets.com/dpr_2,q_60,w_210,c_limit,fl_progressive/assets/images/19563332/2024/1/17/2c3aed8f-9dd3-4d33-a60e-4311d5b4f6ae1705488780955-DaMENSCH-Men-Casual-Solid-Cotton-Blend-Tank-Top-625170548878-1.jpg",https://www.myntra.com/lounge-tshirts/damensch/damensch-ultralight-basic-crew-pure-cotton-lounge-t-shirts/30205300/buy
HRX by Hrithik Roshan,Rapid-Dry Sports T-shirt,Rs. 328,"https://assets.myntassets.com/dpr_2,q_60,w_210,c_limit,fl_progressive/assets/images/19563332/2024/1/17/2c3aed8f-9dd3-4d33-a60e-4311d5b4f6ae1705488780955-DaMENSCH-Men-Casual-Solid-Cotton-Blend-Tank-Top-625170548878-1.jpg",https://www.myntra.com/tshirts/hrx+by+hrithik+roshan/hrx-by-hrithik-roshan-men-brand-logo-printed-raglan-sleeves-rapid-dry-sports-t-shirt/26025806/buy
DILLINGER,Pure Cotton T-shirt,Rs. 319,"https://assets.myntassets.com/dpr_2,q_60,w_210,c_limit,fl_progressive/assets/images/19563332/2024/1/17/2c3aed8f-9dd3-4d33-a60e-4311d5b4f6ae1705488780955-DaMENSCH-Men-Casual-Solid-Cotton-Blend-Tank-Top-625170548878-1.jpg",https://www.myntra.com/tshirts/dillinger/dillinger-men-pure-cotton-t-shirt/27527026/buy
DILLINGER,Men Printed Oversized T-shirt,Rs. 367,"https://assets.myntassets.com/dpr_2,q_60,w_210,c_limit,fl_progressive/assets/images/19563332/2024/1/17/2c3aed8f-9dd3-4d33-a60e-4311d5b4f6ae1705488780955-DaMENSCH-Men-Casual-Solid-Cotton-Blend-Tank-Top-625170548878-1.jpg",https://www.myntra.com/tshirts/dillinger/dillinger-graphic-printed-oversized-t-shirt/22168656/buy
Mast & Harbour,Printed Casual Tshirt,Rs. 337,"https://assets.myntassets.com/dpr_2,q_60,w_210,c_limit,fl_progressive/assets/images/19563332/2024/1/17/2c3aed8f-9dd3-4d33-a60e-4311d5b4f6ae1705488780955-DaMENSCH-Men-Casual-Solid-Cotton-Blend-Tank-Top-625170548878-1.jpg",https://www.myntra.com/tshirts/mast+%26+harbour/mast--harbour-printed-drop-shoulder-sleeves-casual-tshirt/30583013/buy
Mast & Harbour,Printed T-shirt,Rs. 347,"https://assets.myntassets.com/dpr_2,q_60,w_210,c_limit,fl_progressive/assets/images/19563332/2024/1/17/2c3aed8f-9dd3-4d33-a60e-4311d5b4f6ae1705488780955-DaMENSCH-Men-Casual-Solid-Cotton-Blend-Tank-Top-625170548878-1.jpg",https://www.myntra.com/tshirts/mast+%26+harbour/mast--harbour-printed-t-shirt/29947516/buy
U.S. Polo Assn.,Men Comfort-Fit Lounge T-Shirt,Rs. 455,"https://assets.myntassets.com/dpr_2,q_60,w_210,c_limit,fl_progressive/assets/images/19563332/2024/1/17/2c3aed8f-9dd3-4d33-a60e-4311d5b4f6ae1705488780955-DaMENSCH-Men-Casual-Solid-Cotton-Blend-Tank-Top-625170548878-1.jpg",https://www.myntra.com/lounge-tshirts/u.s.+polo+assn./us-polo-assn-men-red--navy-blue-striped-comfort-fit-lounge-t-shirt/16127474/buy
Tshirts For Men,,,,
HRX by Hrithik Roshan,Rapid-Dry Training T-shirt,Rs. 373,"https://assets.myntassets.com/dpr_2,q_60,w_210,c_limit,fl_progressive/assets/images/30659542/2024/12/2/00f8ca81-19aa-4339-86dd-a98df842ce641733122091044-HRX-by-Hrithik-Roshan-Men-Tshirts-1501733122089984-1.jpg",https://www.myntra.com/tshirts/hrx+by+hrithik+roshan/hrx-by-hrithik-roshan-men-printed-rapid-dry-training-t-shirt/30659542/buy
HRX by Hrithik Roshan,Antimicrobial Training T-shirt,Rs. 323,"https://assets.myntassets.com/dpr_2,q_60,w_210,c_limit,fl_progressive/assets/images/30659542/2024/12/2/00f8ca81-19aa-4339-86dd-a98df842ce641733122091044-HRX-by-Hrithik-Roshan-Men-Tshirts-1501733122089984-1.jpg",https://www.myntra.com/tshirts/hrx+by+hrithik+roshan/hrx-by-hrithik-roshan-typography-printed-rapid-dry-antimicrobial-training-t-shirt/27061314/buy
Roadster,Pure Cotton Relaxed T-shirt,Rs. 362,"https://assets.myntassets.com/dpr_2,q_60,w_210,c_limit,fl_progressive/assets/images/30659542/2024/12/2/00f8ca81-19aa-4339-86dd-a98df842ce641733122091044-HRX-by-Hrithik-Roshan-Men-Tshirts-1501733122089984-1.jpg",https://www.myntra.com/tshirts/roadster/the-roadster-life-co-drop-shoulder-embossed--washed-effect-pure-cotton-relaxed-t-shirt/30162922/buy
max,Polo Collar T-shirt,Rs. 399,"https://assets.myntassets.com/dpr_2,q_60,w_210,c_limit,fl_progressive/assets/images/30659542/2024/12/2/00f8ca81-19aa-4339-86dd-a98df842ce641733122091044-HRX-by-Hrithik-Roshan-Men-Tshirts-1501733122089984-1.jpg",https://www.myntra.com/tshirts/max/max-polo-collar-regular-fit-t-shirt/26699952/buy
Roadster,Polo Collar Cotton T-shirt,Rs. 371,"https://assets.myntassets.com/dpr_2,q_60,w_210,c_limit,fl_progressive/assets/images/30659542/2024/12/2/00f8ca81-19aa-4339-86dd-a98df842ce641733122091044-HRX-by-Hrithik-Roshan-Men-Tshirts-1501733122089984-1.jpg",https://www.myntra.com/tshirts/roadster/the-roadster-lifestyle-co-polo-collar-pure-cotton-t-shirt/28138748/buy
DAMENSCH,Ultralight Basic Crew T-Shirt,Rs. 497,"https://assets.myntassets.com/dpr_2,q_60,w_210,c_limit,fl_progressive/assets/images/30659542/2024/12/2/00f8ca81-19aa-4339-86dd-a98df842ce641733122091044-HRX-by-Hrithik-Roshan-Men-Tshirts-1501733122089984-1.jpg",https://www.myntra.com/lounge-tshirts/damensch/damensch-ultralight-basic-crew-pure-cotton-lounge-t-shirts/30205299/buy
Mast & Harbour,Men Polo Collar T-shirt,Rs. 383,"https://assets.myntassets.com/dpr_2,q_60,w_210,c_limit,fl_progressive/assets/images/30659542/2024/12/2/00f8ca81-19aa-4339-86dd-a98df842ce641733122091044-HRX-by-Hrithik-Roshan-Men-Tshirts-1501733122089984-1.jpg",https://www.myntra.com/tshirts/mast+%26+harbour/mast--harbour-men-polo-collar-t-shirt/26046238/buy
Kook N Keech,Oversized Pure Cotton T-shirt,Rs. 383,"https://assets.myntassets.com/dpr_2,q_60,w_210,c_limit,fl_progressive/assets/images/30659542/2024/12/2/00f8ca81-19aa-4339-86dd-a98df842ce641733122091044-HRX-by-Hrithik-Roshan-Men-Tshirts-1501733122089984-1.jpg",https://www.myntra.com/tshirts/kook+n+keech/kook-n-keech-typography-printed-drop-shoulder-sleeves-oversized-pure-cotton-t-shirt/21440432/buy
Mast & Harbour,Solid Polo Collar T-shirt,Rs. 339,"https://assets.myntassets.com/dpr_2,q_60,w_210,c_limit,fl_progressive/assets/images/30659542/2024/12/2/00f8ca81-19aa-4339-86dd-a98df842ce641733122091044-HRX-by-Hrithik-Roshan-Men-Tshirts-1501733122089984-1.jpg",https://www.myntra.com/tshirts/mast+%26+harbour/mast--harbour-men-pink-solid-polo-collar-t-shirt/11607352/buy
CLAFOUTIS,Men Self Design T-shirt,Rs. 399,"https://assets.myntassets.com/dpr_2,q_60,w_210,c_limit,fl_progressive/assets/images/30659542/2024/12/2/00f8ca81-19aa-4339-86dd-a98df842ce641733122091044-HRX-by-Hrithik-Roshan-Men-Tshirts-1501733122089984-1.jpg",https://www.myntra.com/tshirts/clafoutis/clafoutis-men-self-design-high-neck-slim-fit-t-shirt/31299934/buy
Kook N Keech,Oversized Cotton T-shirt,Rs. 370,"https://assets.myntassets.com/dpr_2,q_60,w_210,c_limit,fl_progressive/assets/images/30659542/2024/12/2/00f8ca81-19aa-4339-86dd-a98df842ce641733122091044-HRX-by-Hrithik-Roshan-Men-Tshirts-1501733122089984-1.jpg",https://www.myntra.com/tshirts/kook+n+keech/kook-n-keech-men-printed-oversized-pure-cotton-t-shirt/30602902/buy
HRX by Hrithik Roshan,Ultralite Running T-shirt,Rs. 373,"https://assets.myntassets.com/dpr_2,q_60,w_210,c_limit,fl_progressive/assets/images/30659542/2024/12/2/00f8ca81-19aa-4339-86dd-a98df842ce641733122091044-HRX-by-Hrithik-Roshan-Men-Tshirts-1501733122089984-1.jpg",https://www.myntra.com/tshirts/hrx+by+hrithik+roshan/hrx-by-hrithik-roshan-rapid-dry-ultralite-running-t-shirt/30390336/buy
Roadster,Time Travlr Polo Collar Pure Cotton T-shirt,Rs. 389,"https://assets.myntassets.com/dpr_2,q_60,w_210,c_limit,fl_progressive/assets/images/30659542/2024/12/2/00f8ca81-19aa-4339-86dd-a98df842ce641733122091044-HRX-by-Hrithik-Roshan-Men-Tshirts-1501733122089984-1.jpg",https://www.myntra.com/tshirts/roadster/roadster-time-travlr-men-green-solid-polo-collar-pure-cotton-t-shirt/2303676/buy
FCUK,Printed Pure Cotton T-shirt,Rs. 359,"https://assets.myntassets.com/dpr_2,q_60,w_210,c_limit,fl_progressive/assets/images/30659542/2024/12/2/00f8ca81-19aa-4339-86dd-a98df842ce641733122091044-HRX-by-Hrithik-Roshan-Men-Tshirts-1501733122089984-1.jpg",https://www.myntra.com/tshirts/fcuk/fcuk-brand-logo-printed-pure-cotton-t-shirt/21250378/buy
HRX by Hrithik Roshan,Printed Running T-shirt,Rs. 305,"https://assets.myntassets.com/dpr_2,q_60,w_210,c_limit,fl_progressive/assets/images/30659542/2024/12/2/00f8ca81-19aa-4339-86dd-a98df842ce641733122091044-HRX-by-Hrithik-Roshan-Men-Tshirts-1501733122089984-1.jpg",https://www.myntra.com/tshirts/hrx+by+hrithik+roshan/hrx-by-hrithik-roshan-graphic-printed-running-t-shirt/30677869/buy
Kook N Keech Toons,Tom & Jerry Print T-shirt,Rs. 363,"https://assets.myntassets.com/dpr_2,q_60,w_210,c_limit,fl_progressive/assets/images/30659542/2024/12/2/00f8ca81-19aa-4339-86dd-a98df842ce641733122091044-HRX-by-Hrithik-Roshan-Men-Tshirts-1501733122089984-1.jpg",https://www.myntra.com/tshirts/kook+n+keech+toons/kook-n-keech-toons-tom--jerry-print-oversized-pure-cotton-t-shirt/30602899/buy
HRX by Hrithik Roshan,Printed Relaxed Rapid-Dry T,Rs. 329,"https://assets.myntassets.com/dpr_2,q_60,w_210,c_limit,fl_progressive/assets/images/30659542/2024/12/2/00f8ca81-19aa-4339-86dd-a98df842ce641733122091044-HRX-by-Hrithik-Roshan-Men-Tshirts-1501733122089984-1.jpg",https://www.myntra.com/tshirts/hrx+by+hrithik+roshan/hrx-by-hrithik-roshan-printed-rapid-dry-running-t-shirt/29714818/buy
Aeropostale,Pure Cotton T-shirt,Rs. 363,"https://assets.myntassets.com/dpr_2,q_60,w_210,c_limit,fl_progressive/assets/images/30659542/2024/12/2/00f8ca81-19aa-4339-86dd-a98df842ce641733122091044-HRX-by-Hrithik-Roshan-Men-Tshirts-1501733122089984-1.jpg",https://www.myntra.com/tshirts/aeropostale/aeropostale-brand-logo-printed-pure-cotton-t-shirt/30390555/buy
Roadster,Solid Henley Neck T-shirt,Rs. 375,"https://assets.myntassets.com/dpr_2,q_60,w_210,c_limit,fl_progressive/assets/images/30659542/2024/12/2/00f8ca81-19aa-4339-86dd-a98df842ce641733122091044-HRX-by-Hrithik-Roshan-Men-Tshirts-1501733122089984-1.jpg",https://www.myntra.com/tshirts/roadster/roadster-men-pink-melange-solid-henley-neck-t-shirt/1996771/buy
Mast & Harbour,Men Solid Round Neck T-shirt,Rs. 327,"https://assets.myntassets.com/dpr_2,q_60,w_210,c_limit,fl_progressive/assets/images/30659542/2024/12/2/00f8ca81-19aa-4339-86dd-a98df842ce641733122091044-HRX-by-Hrithik-Roshan-Men-Tshirts-1501733122089984-1.jpg",https://www.myntra.com/tshirts/mast+%26+harbour/mast--harbour-men-navy-blue-solid-round-neck-t-shirt-with-melange-effect/13134248/buy
Mast & Harbour,Dyed Placement Printed Cotton Pure Cotton T-shirt,Rs. 329,"https://assets.myntassets.com/dpr_2,q_60,w_210,c_limit,fl_progressive/assets/images/30659542/2024/12/2/00f8ca81-19aa-4339-86dd-a98df842ce641733122091044-HRX-by-Hrithik-Roshan-Men-Tshirts-1501733122089984-1.jpg",https://www.myntra.com/tshirts/mast+%26+harbour/mast--harbour-men-white--blue-dyed-cotton-pure-cotton-t-shirt-with-placement-print/13345512/buy
U.S. Polo Assn.,Men Lounge T-shirt,Rs. 629,"https://assets.myntassets.com/dpr_2,q_60,w_210,c_limit,fl_progressive/assets/images/30659542/2024/12/2/00f8ca81-19aa-4339-86dd-a98df842ce641733122091044-HRX-by-Hrithik-Roshan-Men-Tshirts-1501733122089984-1.jpg",https://www.myntra.com/lounge-tshirts/u.s.+polo+assn./us-polo-assn-men-black--grey-colourblocked-round-neck-lounge-t-shirt/16127480/buy
HIGHLANDER,Men Brand Logo Printed T-shirt,Rs. 333,"https://assets.myntassets.com/dpr_2,q_60,w_210,c_limit,fl_progressive/assets/images/30659542/2024/12/2/00f8ca81-19aa-4339-86dd-a98df842ce641733122091044-HRX-by-Hrithik-Roshan-Men-Tshirts-1501733122089984-1.jpg",https://www.myntra.com/tshirts/highlander/highlander-men-brand-logo-printed-drop-shoulder-sleeves-t-shirt/31621695/buy
H&M,Regular Fit Round-Neck T-Shirt,No Price,"https://assets.myntassets.com/dpr_2,q_60,w_210,c_limit,fl_progressive/assets/images/30659542/2024/12/2/00f8ca81-19aa-4339-86dd-a98df842ce641733122091044-HRX-by-Hrithik-Roshan-Men-Tshirts-1501733122089984-1.jpg",https://www.myntra.com/tshirts/h%26m/hm-regular-fit-round-neck-t-shirt/31910747/buy
Flying Machine,Geometric Printed T-shirt,Rs. 359,"https://assets.myntassets.com/dpr_2,q_60,w_210,c_limit,fl_progressive/assets/images/30659542/2024/12/2/00f8ca81-19aa-4339-86dd-a98df842ce641733122091044-HRX-by-Hrithik-Roshan-Men-Tshirts-1501733122089984-1.jpg",https://www.myntra.com/tshirts/flying+machine/flying-machine-geometric-printed-t-shirt/31598732/buy
max,Pack of 3 Cotton T-shirts,Rs. 636,"https://assets.myntassets.com/dpr_2,q_60,w_210,c_limit,fl_progressive/assets/images/30659542/2024/12/2/00f8ca81-19aa-4339-86dd-a98df842ce641733122091044-HRX-by-Hrithik-Roshan-Men-Tshirts-1501733122089984-1.jpg",https://www.myntra.com/lounge-tshirts/max/max-men-pack-of-2---solid-t-shirt-/30250881/buy
Roadster,Men Polo Collar Slim Fit T-shirt,Rs. 373,"https://assets.myntassets.com/dpr_2,q_60,w_210,c_limit,fl_progressive/assets/images/30659542/2024/12/2/00f8ca81-19aa-4339-86dd-a98df842ce641733122091044-HRX-by-Hrithik-Roshan-Men-Tshirts-1501733122089984-1.jpg",https://www.myntra.com/tshirts/roadster/the-roadster-lifestyle-co-men-blue-solid-polo-collar-slim-fit-pure-cotton-t-shirt/18046500/buy
HRX by Hrithik Roshan,Men Printed T-shirt,Rs. 383,"https://assets.myntassets.com/dpr_2,q_60,w_210,c_limit,fl_progressive/assets/images/30659542/2024/12/2/00f8ca81-19aa-4339-86dd-a98df842ce641733122091044-HRX-by-Hrithik-Roshan-Men-Tshirts-1501733122089984-1.jpg",https://www.myntra.com/tshirts/hrx+by+hrithik+roshan/hrx-by-hrithik-roshan-men-typography-printed-round-neck-t-shirt/31293034/buy
Roadster,Men Solid T-shirt,Rs. 311,"https://assets.myntassets.com/dpr_2,q_60,w_210,c_limit,fl_progressive/assets/images/30659542/2024/12/2/00f8ca81-19aa-4339-86dd-a98df842ce641733122091044-HRX-by-Hrithik-Roshan-Men-Tshirts-1501733122089984-1.jpg",https://www.myntra.com/tshirts/roadster/roadster-men-solid-t-shirt/28207456/buy
Kook N Keech,Relaxed Fit T-shirt,Rs. 330,"https://assets.myntassets.com/dpr_2,q_60,w_210,c_limit,fl_progressive/assets/images/30659542/2024/12/2/00f8ca81-19aa-4339-86dd-a98df842ce641733122091044-HRX-by-Hrithik-Roshan-Men-Tshirts-1501733122089984-1.jpg",https://www.myntra.com/tshirts/kook+n+keech/kook-n-keech-classic-vibe-colourblocked-relaxed-fit-t-shirt/30023840/buy
U.S. Polo Assn.,Pure Cotton Lounge T-shirt,Rs. 496,"https://assets.myntassets.com/dpr_2,q_60,w_210,c_limit,fl_progressive/assets/images/30659542/2024/12/2/00f8ca81-19aa-4339-86dd-a98df842ce641733122091044-HRX-by-Hrithik-Roshan-Men-Tshirts-1501733122089984-1.jpg",https://www.myntra.com/lounge-tshirts/u.s.+polo+assn./us-polo-assn-pure-cotton-v-neck-lounge-t-shirt/22492606/buy
DILLINGER,Men Typography Printed Oversized T-shirt,Rs. 359,"https://assets.myntassets.com/dpr_2,q_60,w_210,c_limit,fl_progressive/assets/images/30659542/2024/12/2/00f8ca81-19aa-4339-86dd-a98df842ce641733122091044-HRX-by-Hrithik-Roshan-Men-Tshirts-1501733122089984-1.jpg",https://www.myntra.com/tshirts/dillinger/dillinger-men-brown--green-typography-printed-pure-cotton-oversized--t-shirt/18772924/buy
HRX by Hrithik Roshan,Rapid-Dry Training T-shirt,Rs. 329,"https://assets.myntassets.com/dpr_2,q_60,w_210,c_limit,fl_progressive/assets/images/30659542/2024/12/2/00f8ca81-19aa-4339-86dd-a98df842ce641733122091044-HRX-by-Hrithik-Roshan-Men-Tshirts-1501733122089984-1.jpg",https://www.myntra.com/tshirts/hrx+by+hrithik+roshan/hrx-by-hrithik-roshan-printed-rapid-dry-training-t-shirt/30659495/buy
R.Code by The Roadster Life Co.,Men Polo Collar T-shirt,Rs. 369,"https://assets.myntassets.com/dpr_2,q_60,w_210,c_limit,fl_progressive/assets/images/30659542/2024/12/2/00f8ca81-19aa-4339-86dd-a98df842ce641733122091044-HRX-by-Hrithik-Roshan-Men-Tshirts-1501733122089984-1.jpg",https://www.myntra.com/tshirts/r.code+by+the+roadster+life+co./rcode-by-the-roadster-life-co-men-solid-polo-collar-t-shirt/25348566/buy
Being Human,Pure Cotton T-shirt,Rs. 359,"https://assets.myntassets.com/dpr_2,q_60,w_210,c_limit,fl_progressive/assets/images/30659542/2024/12/2/00f8ca81-19aa-4339-86dd-a98df842ce641733122091044-HRX-by-Hrithik-Roshan-Men-Tshirts-1501733122089984-1.jpg",https://www.myntra.com/tshirts/being+human/being-human-pure-cotton-t-shirt/31355031/buy
HIGHLANDER,Men Printed Slim Fit T-shirt,Rs. 174,"https://assets.myntassets.com/dpr_2,q_60,w_210,c_limit,fl_progressive/assets/images/30659542/2024/12/2/00f8ca81-19aa-4339-86dd-a98df842ce641733122091044-HRX-by-Hrithik-Roshan-Men-Tshirts-1501733122089984-1.jpg",https://www.myntra.com/tshirts/highlander/highlander-men-white-printed-slim-fit-cotton-t-shirt/17903420/buy
Kook N Keech,Men Dyed Pure Cotton T-shirt,Rs. 319,"https://assets.myntassets.com/dpr_2,q_60,w_210,c_limit,fl_progressive/assets/images/30659542/2024/12/2/00f8ca81-19aa-4339-86dd-a98df842ce641733122091044-HRX-by-Hrithik-Roshan-Men-Tshirts-1501733122089984-1.jpg",https://www.myntra.com/tshirts/kook+n+keech/kook-n-keech-men-tie-and-dye-drop-shoulder-sleeves-oversized-pure-cotton-t-shirt/23589036/buy
Technosport,Polo Collar Sports T-shirt,No Price,"https://assets.myntassets.com/dpr_2,q_60,w_210,c_limit,fl_progressive/assets/images/30659542/2024/12/2/00f8ca81-19aa-4339-86dd-a98df842ce641733122091044-HRX-by-Hrithik-Roshan-Men-Tshirts-1501733122089984-1.jpg",https://www.myntra.com/tshirts/technosport/technosport-polo-collar-antimicrobial-training-or-gym-t-shirt/22172184/buy
Sztori,Plus Size Solid V-Neck T-shirt,Rs. 419,"https://assets.myntassets.com/dpr_2,q_60,w_210,c_limit,fl_progressive/assets/images/30659542/2024/12/2/00f8ca81-19aa-4339-86dd-a98df842ce641733122091044-HRX-by-Hrithik-Roshan-Men-Tshirts-1501733122089984-1.jpg",https://www.myntra.com/tshirts/sztori/sztori-plus-size-men-black-solid-v-neck-t-shirt/9973045/buy
Roadster,Pure Cotton Oversized T-shirt,Rs. 359,"https://assets.myntassets.com/dpr_2,q_60,w_210,c_limit,fl_progressive/assets/images/30659542/2024/12/2/00f8ca81-19aa-4339-86dd-a98df842ce641733122091044-HRX-by-Hrithik-Roshan-Men-Tshirts-1501733122089984-1.jpg",https://www.myntra.com/tshirts/roadster/the-roadster-life-co-pure-cotton-striped-drop-shoulder-sleeves-oversized-t-shirt/26043530/buy
Kook N Keech,Printed Relaxed Fit T-shirt,Rs. 330,"https://assets.myntassets.com/dpr_2,q_60,w_210,c_limit,fl_progressive/assets/images/30659542/2024/12/2/00f8ca81-19aa-4339-86dd-a98df842ce641733122091044-HRX-by-Hrithik-Roshan-Men-Tshirts-1501733122089984-1.jpg",https://www.myntra.com/tshirts/kook+n+keech/kook-n-keech-street-cool-player-printed-relaxed-fit-t-shirt/30023822/buy
HRX by Hrithik Roshan,Polo Collar T-shirt,Rs. 373,"https://assets.myntassets.com/dpr_2,q_60,w_210,c_limit,fl_progressive/assets/images/30659542/2024/12/2/00f8ca81-19aa-4339-86dd-a98df842ce641733122091044-HRX-by-Hrithik-Roshan-Men-Tshirts-1501733122089984-1.jpg",https://www.myntra.com/tshirts/hrx+by+hrithik+roshan/hrx-by-hrithik-roshan-lifestyle-polo-collar-brand-logo-print-t-shirt/30702109/buy
Kook N Keech,Hooded T-shirt,Rs. 311,"https://assets.myntassets.com/dpr_2,q_60,w_210,c_limit,fl_progressive/assets/images/30659542/2024/12/2/00f8ca81-19aa-4339-86dd-a98df842ce641733122091044-HRX-by-Hrithik-Roshan-Men-Tshirts-1501733122089984-1.jpg",https://www.myntra.com/tshirts/kook+n+keech/kook-n-keech-men-hooded-t-shirt/29675326/buy
Roadster,Men Textured T-shirt,Rs. 395,"https://assets.myntassets.com/dpr_2,q_60,w_210,c_limit,fl_progressive/assets/images/30659542/2024/12/2/00f8ca81-19aa-4339-86dd-a98df842ce641733122091044-HRX-by-Hrithik-Roshan-Men-Tshirts-1501733122089984-1.jpg",https://www.myntra.com/tshirts/roadster/roadster-men-mauve-textured-henley-neck-t-shirt/17329000/buy
Aeropostale,Pure Cotton T-shirt,Rs. 389,"https://assets.myntassets.com/dpr_2,q_60,w_210,c_limit,fl_progressive/assets/images/30659542/2024/12/2/00f8ca81-19aa-4339-86dd-a98df842ce641733122091044-HRX-by-Hrithik-Roshan-Men-Tshirts-1501733122089984-1.jpg",https://www.myntra.com/tshirts/aeropostale/aeropostale-brand-logo-embroidered-pure-cotton-t-shirt/30319636/buy
HERE&NOW,Striped Pure Cotton T-shirt,Rs. 311,"https://assets.myntassets.com/dpr_2,q_60,w_210,c_limit,fl_progressive/assets/images/30659542/2024/12/2/00f8ca81-19aa-4339-86dd-a98df842ce641733122091044-HRX-by-Hrithik-Roshan-Men-Tshirts-1501733122089984-1.jpg",https://www.myntra.com/tshirts/here%26now/herenow-striped-pure-cotton-t-shirt/30939356/buy
Lux Cozi,Polo Collar Lounge Tshirts,Rs. 379,"https://assets.myntassets.com/dpr_2,q_60,w_210,c_limit,fl_progressive/assets/images/30659542/2024/12/2/00f8ca81-19aa-4339-86dd-a98df842ce641733122091044-HRX-by-Hrithik-Roshan-Men-Tshirts-1501733122089984-1.jpg",https://www.myntra.com/lounge-tshirts/lux+cozi/lux-cozi-polo-collar-lounge-tshirts/28138218/buy
Roadster,Printed Pure Cotton Oversized T-shirt,Rs. 305,"https://assets.myntassets.com/dpr_2,q_60,w_210,c_limit,fl_progressive/assets/images/30659542/2024/12/2/00f8ca81-19aa-4339-86dd-a98df842ce641733122091044-HRX-by-Hrithik-Roshan-Men-Tshirts-1501733122089984-1.jpg",https://www.myntra.com/tshirts/roadster/the-roadster-lifestyle-co-oversized-fit-printed-drop-shoulder-sleeves-pure-cotton-t-shirt/25521300/buy
HRX by Hrithik Roshan,Running Rapid-Dry T-shirts,Rs. 305,"https://assets.myntassets.com/dpr_2,q_60,w_210,c_limit,fl_progressive/assets/images/30659542/2024/12/2/00f8ca81-19aa-4339-86dd-a98df842ce641733122091044-HRX-by-Hrithik-Roshan-Men-Tshirts-1501733122089984-1.jpg",https://www.myntra.com/tshirts/hrx+by+hrithik+roshan/hrx-by-hrithik-roshan-running-men-jet-black-rapid-dry-brand-carrier-t-shirts/17207800/buy
Kook N Keech,Pure Cotton Polo T-shirt,Rs. 299,"https://assets.myntassets.com/dpr_2,q_60,w_210,c_limit,fl_progressive/assets/images/30659542/2024/12/2/00f8ca81-19aa-4339-86dd-a98df842ce641733122091044-HRX-by-Hrithik-Roshan-Men-Tshirts-1501733122089984-1.jpg",https://www.myntra.com/tshirts/kook+n+keech/kook-n-keech-polo-collar-pure-cotton-t-shirt/31989566/buy
Tshirts For Men,,,,
KETCH,Round Neck Oversize T-Shirt,Rs. 312,"https://assets.myntassets.com/dpr_2,q_60,w_210,c_limit,fl_progressive/assets/images/22617978/2023/4/3/037b6017-059e-4ca1-9436-9722334afa8c1680486491056KETCHMenGreyV-NeckAppliqueLooseT-shirt1.jpg",https://www.myntra.com/tshirts/ketch/ketch-men-popcorn-structured-oversized-t-shirt/22617978/buy
Roadster,Pure Cotton Relaxed T-shirt,Rs. 351,"https://assets.myntassets.com/dpr_2,q_60,w_210,c_limit,fl_progressive/assets/images/22617978/2023/4/3/037b6017-059e-4ca1-9436-9722334afa8c1680486491056KETCHMenGreyV-NeckAppliqueLooseT-shirt1.jpg",https://www.myntra.com/tshirts/roadster/the-roadster-life-co-drop-shoulder-embossed--washed-effect-pure-cotton-relaxed-t-shirt/30162848/buy
Harvard,Solid Polo Collar T-shirt,Rs. 369,"https://assets.myntassets.com/dpr_2,q_60,w_210,c_limit,fl_progressive/assets/images/22617978/2023/4/3/037b6017-059e-4ca1-9436-9722334afa8c1680486491056KETCHMenGreyV-NeckAppliqueLooseT-shirt1.jpg",https://www.myntra.com/tshirts/harvard/harvard-men-black-solid-polo-collar-t-shirt/12817542/buy
Levis,Solid Round Lounge T-shirt,Rs. 324,"https://assets.myntassets.com/dpr_2,q_60,w_210,c_limit,fl_progressive/assets/images/22617978/2023/4/3/037b6017-059e-4ca1-9436-9722334afa8c1680486491056KETCHMenGreyV-NeckAppliqueLooseT-shirt1.jpg",https://www.myntra.com/lounge-tshirts/levis/levis-025-round-neck-cotton-t-shirt-for-men-with-smartskin-technology-/12027428/buy
U.S. Polo Assn.,Solid V-Neck T-shirt,Rs. 538,"https://assets.myntassets.com/dpr_2,q_60,w_210,c_limit,fl_progressive/assets/images/22617978/2023/4/3/037b6017-059e-4ca1-9436-9722334afa8c1680486491056KETCHMenGreyV-NeckAppliqueLooseT-shirt1.jpg",https://www.myntra.com/lounge-tshirts/u.s.+polo+assn./us-polo-assn-men-white-solid-v-neck-t-shirt/9918289/buy
Red Tape,Men Printed Cotton T-shirt,Rs. 329,"https://assets.myntassets.com/dpr_2,q_60,w_210,c_limit,fl_progressive/assets/images/22617978/2023/4/3/037b6017-059e-4ca1-9436-9722334afa8c1680486491056KETCHMenGreyV-NeckAppliqueLooseT-shirt1.jpg",https://www.myntra.com/tshirts/red+tape/red-tape-men-round-neck-printed-cotton-t-shirt/21673350/buy
Roadster,Solid T-shirt,Rs. 329,"https://assets.myntassets.com/dpr_2,q_60,w_210,c_limit,fl_progressive/assets/images/22617978/2023/4/3/037b6017-059e-4ca1-9436-9722334afa8c1680486491056KETCHMenGreyV-NeckAppliqueLooseT-shirt1.jpg",https://www.myntra.com/tshirts/roadster/roadster-men-solid-t-shirt/24476872/buy
Mast & Harbour,Polo Collar T-shirt,Rs. 391,"https://assets.myntassets.com/dpr_2,q_60,w_210,c_limit,fl_progressive/assets/images/22617978/2023/4/3/037b6017-059e-4ca1-9436-9722334afa8c1680486491056KETCHMenGreyV-NeckAppliqueLooseT-shirt1.jpg",https://www.myntra.com/tshirts/mast+%26+harbour/mast--harbour-polo-collar-t-shirt/29758502/buy
Technosport,Antimicrobial Slim Fit T-shirt,No Price,"https://assets.myntassets.com/dpr_2,q_60,w_210,c_limit,fl_progressive/assets/images/22617978/2023/4/3/037b6017-059e-4ca1-9436-9722334afa8c1680486491056KETCHMenGreyV-NeckAppliqueLooseT-shirt1.jpg",https://www.myntra.com/tshirts/technosport/technosport-colourblocked-antimicrobial-sports-slim-fit-t-shirt/26718970/buy
HERE&NOW,Printed Relaxed Fit T-shirt,Rs. 321,"https://assets.myntassets.com/dpr_2,q_60,w_210,c_limit,fl_progressive/assets/images/22617978/2023/4/3/037b6017-059e-4ca1-9436-9722334afa8c1680486491056KETCHMenGreyV-NeckAppliqueLooseT-shirt1.jpg",https://www.myntra.com/tshirts/here%26now/herenow-printed-drop-shoulder-sleeves-relaxed-fit-t-shirt/27159952/buy
Jockey,Men Ribbed Innerwear Vest,No Price,"https://assets.myntassets.com/dpr_2,q_60,w_210,c_limit,fl_progressive/assets/images/22617978/2023/4/3/037b6017-059e-4ca1-9436-9722334afa8c1680486491056KETCHMenGreyV-NeckAppliqueLooseT-shirt1.jpg",https://www.myntra.com/tshirts/jockey/jockey-combed-cotton-rib-round-neck-muscle-vest-9930/11443950/buy
glitchez,Printed Pure Cotton T-shirt,Rs. 298,"https://assets.myntassets.com/dpr_2,q_60,w_210,c_limit,fl_progressive/assets/images/22617978/2023/4/3/037b6017-059e-4ca1-9436-9722334afa8c1680486491056KETCHMenGreyV-NeckAppliqueLooseT-shirt1.jpg",https://www.myntra.com/tshirts/glitchez/glitchez-urban-dope-printed-relaxed-fit-t-shirt/31237862/buy
HIGHLANDER,Men Printed Oversized T-shirt,Rs. 379,"https://assets.myntassets.com/dpr_2,q_60,w_210,c_limit,fl_progressive/assets/images/22617978/2023/4/3/037b6017-059e-4ca1-9436-9722334afa8c1680486491056KETCHMenGreyV-NeckAppliqueLooseT-shirt1.jpg",https://www.myntra.com/tshirts/highlander/highlander-men-brand-logo-printed-round-neck-cotton-oversized-t-shirt/30660755/buy
Technosport,Antimicrobial Slim Fit T-shirt,No Price,"https://assets.myntassets.com/dpr_2,q_60,w_210,c_limit,fl_progressive/assets/images/22617978/2023/4/3/037b6017-059e-4ca1-9436-9722334afa8c1680486491056KETCHMenGreyV-NeckAppliqueLooseT-shirt1.jpg",https://www.myntra.com/tshirts/technosport/technosport-antimicrobial-moisture-wicking-slim-fit-t-shirt/27335946/buy
HIGHLANDER,Men Solid Cotton T-shirt,Rs. 356,"https://assets.myntassets.com/dpr_2,q_60,w_210,c_limit,fl_progressive/assets/images/22617978/2023/4/3/037b6017-059e-4ca1-9436-9722334afa8c1680486491056KETCHMenGreyV-NeckAppliqueLooseT-shirt1.jpg",https://www.myntra.com/tshirts/highlander/highlander-men-solid-polo-collar-cotton-t-shirt/31436535/buy
Roadster,Pure Cotton T-shirt,Rs. 384,"https://assets.myntassets.com/dpr_2,q_60,w_210,c_limit,fl_progressive/assets/images/22617978/2023/4/3/037b6017-059e-4ca1-9436-9722334afa8c1680486491056KETCHMenGreyV-NeckAppliqueLooseT-shirt1.jpg",https://www.myntra.com/tshirts/roadster/the-roadster-life-co-raglan-sleeves-pure-cotton-relaxed-fit-t-shirt/30162983/buy
Roadster,Pure Cotton Relaxed T-shirt,Rs. 384,"https://assets.myntassets.com/dpr_2,q_60,w_210,c_limit,fl_progressive/assets/images/22617978/2023/4/3/037b6017-059e-4ca1-9436-9722334afa8c1680486491056KETCHMenGreyV-NeckAppliqueLooseT-shirt1.jpg",https://www.myntra.com/tshirts/roadster/the-roadster-life-co-drop-shoulder-sleeves-washed-effect-pure-cotton-relaxed-fit-t-shirt/30162965/buy
Kook N Keech Disney,Oversize Pure Cotton T-shirt,Rs. 307,"https://assets.myntassets.com/dpr_2,q_60,w_210,c_limit,fl_progressive/assets/images/22617978/2023/4/3/037b6017-059e-4ca1-9436-9722334afa8c1680486491056KETCHMenGreyV-NeckAppliqueLooseT-shirt1.jpg",https://www.myntra.com/tshirts/kook+n+keech+disney/kook-n-keech-disney-printed-drop-shoulder-oversize-pure-cotton-t-shirt/29431418/buy
Kook N Keech,Polo Collar Oversized T-shirt,Rs. 304,"https://assets.myntassets.com/dpr_2,q_60,w_210,c_limit,fl_progressive/assets/images/22617978/2023/4/3/037b6017-059e-4ca1-9436-9722334afa8c1680486491056KETCHMenGreyV-NeckAppliqueLooseT-shirt1.jpg",https://www.myntra.com/tshirts/kook+n+keech/kook-n-keech-collegiate-casual-typography-printed-polo-collar-oversized-t-shirt/30023818/buy
Roadster,Pure Cotton Polo T-shirt,Rs. 383,"https://assets.myntassets.com/dpr_2,q_60,w_210,c_limit,fl_progressive/assets/images/22617978/2023/4/3/037b6017-059e-4ca1-9436-9722334afa8c1680486491056KETCHMenGreyV-NeckAppliqueLooseT-shirt1.jpg",https://www.myntra.com/tshirts/roadster/the-roadster-life-co-polo-collar-pure-cotton-t-shirt/29555400/buy
Lux Cozi,Polo Collar Lounge Tshirts,Rs. 361,"https://assets.myntassets.com/dpr_2,q_60,w_210,c_limit,fl_progressive/assets/images/22617978/2023/4/3/037b6017-059e-4ca1-9436-9722334afa8c1680486491056KETCHMenGreyV-NeckAppliqueLooseT-shirt1.jpg",https://www.myntra.com/lounge-tshirts/lux+cozi/lux-cozi-polo-collar-lounge-tshirts/28138196/buy
HRX by Hrithik Roshan,Rapid-Dry Sports T-shirt,Rs. 335,"https://assets.myntassets.com/dpr_2,q_60,w_210,c_limit,fl_progressive/assets/images/22617978/2023/4/3/037b6017-059e-4ca1-9436-9722334afa8c1680486491056KETCHMenGreyV-NeckAppliqueLooseT-shirt1.jpg",https://www.myntra.com/tshirts/hrx+by+hrithik+roshan/hrx-by-hrithik-roshan-men-raglan-sleeves-rapid-dry-sports-t-shirt/26025798/buy
Roadster,Striped Round Neck Pure Cotton T-shirt,Rs. 369,"https://assets.myntassets.com/dpr_2,q_60,w_210,c_limit,fl_progressive/assets/images/22617978/2023/4/3/037b6017-059e-4ca1-9436-9722334afa8c1680486491056KETCHMenGreyV-NeckAppliqueLooseT-shirt1.jpg",https://www.myntra.com/tshirts/roadster/roadster-men-black--maroon-striped-round-neck-pure-cotton-t-shirt/11545012/buy
Bewakoof,Printed Round Neck Pure Cotton T-shirt,Rs. 340,"https://assets.myntassets.com/dpr_2,q_60,w_210,c_limit,fl_progressive/assets/images/22617978/2023/4/3/037b6017-059e-4ca1-9436-9722334afa8c1680486491056KETCHMenGreyV-NeckAppliqueLooseT-shirt1.jpg",https://www.myntra.com/tshirts/bewakoof/bewakoof-men-black-printed-round-neck-pure-cotton-t-shirt/13451492/buy
Kook N Keech,Cotton Oversized T-shirt,Rs. 328,"https://assets.myntassets.com/dpr_2,q_60,w_210,c_limit,fl_progressive/assets/images/22617978/2023/4/3/037b6017-059e-4ca1-9436-9722334afa8c1680486491056KETCHMenGreyV-NeckAppliqueLooseT-shirt1.jpg",https://www.myntra.com/tshirts/kook+n+keech/kook-n-keech-men-printed-pure-cotton-oversized-t-shirt/30602881/buy
SLOWLORIS,Men Printed Raw Edge T-shirt,Rs. 344,"https://assets.myntassets.com/dpr_2,q_60,w_210,c_limit,fl_progressive/assets/images/22617978/2023/4/3/037b6017-059e-4ca1-9436-9722334afa8c1680486491056KETCHMenGreyV-NeckAppliqueLooseT-shirt1.jpg",https://www.myntra.com/tshirts/slowloris/slowloris-men-printed-raw-edge-t-shirt/28083914/buy
Sztori,Plus Size Printed T-shirt,Rs. 431,"https://assets.myntassets.com/dpr_2,q_60,w_210,c_limit,fl_progressive/assets/images/22617978/2023/4/3/037b6017-059e-4ca1-9436-9722334afa8c1680486491056KETCHMenGreyV-NeckAppliqueLooseT-shirt1.jpg",https://www.myntra.com/tshirts/sztori/sztori-plus-size-printed-t-shirt/26616866/buy
VEIRDO,Floral Printed Pure Cotton T-shirt,Rs. 349,"https://assets.myntassets.com/dpr_2,q_60,w_210,c_limit,fl_progressive/assets/images/22617978/2023/4/3/037b6017-059e-4ca1-9436-9722334afa8c1680486491056KETCHMenGreyV-NeckAppliqueLooseT-shirt1.jpg",https://www.myntra.com/tshirts/veirdo/veirdo-men-green--navy-blue-floral-printed-round-neck-pure-cotton-t-shirt/11925888/buy
Lux Cozi,Polo Collar Lounge Tshirts,Rs. 379,"https://assets.myntassets.com/dpr_2,q_60,w_210,c_limit,fl_progressive/assets/images/22617978/2023/4/3/037b6017-059e-4ca1-9436-9722334afa8c1680486491056KETCHMenGreyV-NeckAppliqueLooseT-shirt1.jpg",https://www.myntra.com/lounge-tshirts/lux+cozi/lux-cozi-polo-collar-lounge-tshirts/28138172/buy
Mast & Harbour,Cotton Tie and Dyed T-shirt,Rs. 341,"https://assets.myntassets.com/dpr_2,q_60,w_210,c_limit,fl_progressive/assets/images/22617978/2023/4/3/037b6017-059e-4ca1-9436-9722334afa8c1680486491056KETCHMenGreyV-NeckAppliqueLooseT-shirt1.jpg",https://www.myntra.com/tshirts/mast+%26+harbour/mast--harbour-men-white--pink-tie-and-dyed-pure-cotton-t-shirt/15273158/buy
Roadster,Men Pure Cotton Polo T-shirt,Rs. 379,"https://assets.myntassets.com/dpr_2,q_60,w_210,c_limit,fl_progressive/assets/images/22617978/2023/4/3/037b6017-059e-4ca1-9436-9722334afa8c1680486491056KETCHMenGreyV-NeckAppliqueLooseT-shirt1.jpg",https://www.myntra.com/tshirts/roadster/the-roadster-life-co-men-polo-collar-pure-cotton-t-shirt/20754890/buy
glitchez,Printed Relaxed Fit T-shirt,Rs. 346,"https://assets.myntassets.com/dpr_2,q_60,w_210,c_limit,fl_progressive/assets/images/22617978/2023/4/3/037b6017-059e-4ca1-9436-9722334afa8c1680486491056KETCHMenGreyV-NeckAppliqueLooseT-shirt1.jpg",https://www.myntra.com/tshirts/glitchez/glitchez-classic-cool-graphic-printed-relaxed-fit-t-shirt/31352909/buy
DAMENSCH,Pure Cotton Lounge T-Shirts,Rs. 527,"https://assets.myntassets.com/dpr_2,q_60,w_210,c_limit,fl_progressive/assets/images/22617978/2023/4/3/037b6017-059e-4ca1-9436-9722334afa8c1680486491056KETCHMenGreyV-NeckAppliqueLooseT-shirt1.jpg",https://www.myntra.com/lounge-tshirts/damensch/damensch-ultralight-basic-crew-pure-cotton-lounge-t-shirts/30205303/buy
Aeropostale,Printed Pure Cotton T-shirt,Rs. 389,"https://assets.myntassets.com/dpr_2,q_60,w_210,c_limit,fl_progressive/assets/images/22617978/2023/4/3/037b6017-059e-4ca1-9436-9722334afa8c1680486491056KETCHMenGreyV-NeckAppliqueLooseT-shirt1.jpg",https://www.myntra.com/tshirts/aeropostale/aeropostale-printed-pure-cotton-t-shirt/30390552/buy
encore by INVICTUS,Henley Neck T-shirt,Rs. 329,"https://assets.myntassets.com/dpr_2,q_60,w_210,c_limit,fl_progressive/assets/images/22617978/2023/4/3/037b6017-059e-4ca1-9436-9722334afa8c1680486491056KETCHMenGreyV-NeckAppliqueLooseT-shirt1.jpg",https://www.myntra.com/tshirts/encore+by+invictus/encore-by-invictus-henley-neck-t-shirt/30909203/buy
U.S. Polo Assn.,Printed Lounge T-shirts,Rs. 665,"https://assets.myntassets.com/dpr_2,q_60,w_210,c_limit,fl_progressive/assets/images/22617978/2023/4/3/037b6017-059e-4ca1-9436-9722334afa8c1680486491056KETCHMenGreyV-NeckAppliqueLooseT-shirt1.jpg",https://www.myntra.com/lounge-tshirts/u.s.+polo+assn./us-polo-assn-printed-lounge-t-shirts/22492602/buy
Kook N Keech Marvel,Men Iron Man Printed T-shirt,Rs. 395,"https://assets.myntassets.com/dpr_2,q_60,w_210,c_limit,fl_progressive/assets/images/22617978/2023/4/3/037b6017-059e-4ca1-9436-9722334afa8c1680486491056KETCHMenGreyV-NeckAppliqueLooseT-shirt1.jpg",https://www.myntra.com/tshirts/kook+n+keech+marvel/kook-n-keech-marvel-men-iron-man-printed-oversized-pure-cotton-t-shirt/30395809/buy
Roadster,Textured Knit T-shirt,Rs. 379,"https://assets.myntassets.com/dpr_2,q_60,w_210,c_limit,fl_progressive/assets/images/22617978/2023/4/3/037b6017-059e-4ca1-9436-9722334afa8c1680486491056KETCHMenGreyV-NeckAppliqueLooseT-shirt1.jpg",https://www.myntra.com/tshirts/roadster/the-roadster-lifestyle-co-textured-knit-long-sleeve-t-shirt/31376571/buy
Kook N Keech Disney,Striped Oversized T-shirt,Rs. 307,"https://assets.myntassets.com/dpr_2,q_60,w_210,c_limit,fl_progressive/assets/images/22617978/2023/4/3/037b6017-059e-4ca1-9436-9722334afa8c1680486491056KETCHMenGreyV-NeckAppliqueLooseT-shirt1.jpg",https://www.myntra.com/tshirts/kook+n+keech+disney/kook-n-keech-disney-mickey-mouse-print-striped-pure-cotton-oversized-t-shirt/29431454/buy
Roadster,Self Design Relaxed T-shirt,Rs. 371,"https://assets.myntassets.com/dpr_2,q_60,w_210,c_limit,fl_progressive/assets/images/22617978/2023/4/3/037b6017-059e-4ca1-9436-9722334afa8c1680486491056KETCHMenGreyV-NeckAppliqueLooseT-shirt1.jpg",https://www.myntra.com/tshirts/roadster/the-roadster-lifestyle-co-men-self-design-relaxed-fit-t-shirt/31722288/buy
Being Human,Typography Printed T-shirt,Rs. 314,"https://assets.myntassets.com/dpr_2,q_60,w_210,c_limit,fl_progressive/assets/images/22617978/2023/4/3/037b6017-059e-4ca1-9436-9722334afa8c1680486491056KETCHMenGreyV-NeckAppliqueLooseT-shirt1.jpg",https://www.myntra.com/tshirts/being+human/being-human-typography-printed-pure-cotton-t-shirt/30825430/buy
Kook N Keech,Everyday Textured Relax Oversized Tee,Rs. 330,"https://assets.myntassets.com/dpr_2,q_60,w_210,c_limit,fl_progressive/assets/images/22617978/2023/4/3/037b6017-059e-4ca1-9436-9722334afa8c1680486491056KETCHMenGreyV-NeckAppliqueLooseT-shirt1.jpg",https://www.myntra.com/tshirts/kook+n+keech/kook-n-keech-everyday-grunge-textured-relax-oversized-tee/30447373/buy
HIGHLANDER,Men Solid Relaxed Fit T-shirt,Rs. 390,"https://assets.myntassets.com/dpr_2,q_60,w_210,c_limit,fl_progressive/assets/images/22617978/2023/4/3/037b6017-059e-4ca1-9436-9722334afa8c1680486491056KETCHMenGreyV-NeckAppliqueLooseT-shirt1.jpg",https://www.myntra.com/tshirts/highlander/highlander-men-solid-polo-collar-cotton-relaxed-fit-t-shirt/31137643/buy
R.Code by The Roadster Life Co.,Men Solid T-shirt,Rs. 335,"https://assets.myntassets.com/dpr_2,q_60,w_210,c_limit,fl_progressive/assets/images/22617978/2023/4/3/037b6017-059e-4ca1-9436-9722334afa8c1680486491056KETCHMenGreyV-NeckAppliqueLooseT-shirt1.jpg",https://www.myntra.com/tshirts/r.code+by+the+roadster+life+co./rcode-by-the-roadster-lifestyle-co-men-solid-round-neck-cotton-t-shirt/30702975/buy
Urbano Fashion,Men Printed Slim Fit Pure Cotton T-shirt,Rs. 307,"https://assets.myntassets.com/dpr_2,q_60,w_210,c_limit,fl_progressive/assets/images/22617978/2023/4/3/037b6017-059e-4ca1-9436-9722334afa8c1680486491056KETCHMenGreyV-NeckAppliqueLooseT-shirt1.jpg",https://www.myntra.com/tshirts/urbano+fashion/urbano-fashion-men-white--grey-printed-slim-fit-training-or-gym-pure-cotton-t-shirt/15205790/buy
MARVEL STREET,Printed Cotton T-shirt,Rs. 395,"https://assets.myntassets.com/dpr_2,q_60,w_210,c_limit,fl_progressive/assets/images/22617978/2023/4/3/037b6017-059e-4ca1-9436-9722334afa8c1680486491056KETCHMenGreyV-NeckAppliqueLooseT-shirt1.jpg",https://www.myntra.com/tshirts/marvel+street/marvel-street-men-avengers-printed-pure-cotton-t-shirt/30278107/buy
Mast & Harbour,Printed Drop-Shoulder T-shirt,Rs. 347,"https://assets.myntassets.com/dpr_2,q_60,w_210,c_limit,fl_progressive/assets/images/22617978/2023/4/3/037b6017-059e-4ca1-9436-9722334afa8c1680486491056KETCHMenGreyV-NeckAppliqueLooseT-shirt1.jpg",https://www.myntra.com/tshirts/mast+%26+harbour/mast--harbour-printed-drop-shoulder-sleeves-t-shirt/29758550/buy
HRX by Hrithik Roshan,Lifestyle Typographic Tshirt,Rs. 343,"https://assets.myntassets.com/dpr_2,q_60,w_210,c_limit,fl_progressive/assets/images/22617978/2023/4/3/037b6017-059e-4ca1-9436-9722334afa8c1680486491056KETCHMenGreyV-NeckAppliqueLooseT-shirt1.jpg",https://www.myntra.com/tshirts/hrx+by+hrithik+roshan/hrx-by-hrithik-roshan-men-navy-blue-typography-printed-lifestyle-training-pure-cotton-t-shirt/11930080/buy
H&M,Men Cotton Pure Cotton T-shirt Regular Fit,No Price,"https://assets.myntassets.com/dpr_2,q_60,w_210,c_limit,fl_progressive/assets/images/22617978/2023/4/3/037b6017-059e-4ca1-9436-9722334afa8c1680486491056KETCHMenGreyV-NeckAppliqueLooseT-shirt1.jpg",https://www.myntra.com/tshirts/h%26m/hm-men-black-solid-cotton-pure-cotton-t-shirt-regular-fit/11468732/buy
HERE&NOW,Printed Pure Cotton T-shirt,Rs. 321,"https://assets.myntassets.com/dpr_2,q_60,w_210,c_limit,fl_progressive/assets/images/22617978/2023/4/3/037b6017-059e-4ca1-9436-9722334afa8c1680486491056KETCHMenGreyV-NeckAppliqueLooseT-shirt1.jpg",https://www.myntra.com/tshirts/here%26now/herenow-typography-printed-drop-shoulder-sleeves-pure-cotton-t-shirt/26332002/buy
Tshirts For Men,,,,
Sztori,Quick-Dry Activewear T-shirt,Rs. 311,"https://assets.myntassets.com/dpr_2,q_60,w_210,c_limit,fl_progressive/assets/images/20693390/2023/7/18/95c38710-b374-457a-828c-6cc1ec477eac1689681896390SztoriBrandLogoPrintedQuick-DryActivewearAntimicrobialT-shir1.jpg",https://www.myntra.com/tshirts/sztori/sztori-brand-logo-printed-quick-dry-activewear-antimicrobial-t-shirt/20693390/buy
FLOSBERRY,Men Printed T-shirt,Rs. 399,"https://assets.myntassets.com/dpr_2,q_60,w_210,c_limit,fl_progressive/assets/images/20693390/2023/7/18/95c38710-b374-457a-828c-6cc1ec477eac1689681896390SztoriBrandLogoPrintedQuick-DryActivewearAntimicrobialT-shir1.jpg",https://www.myntra.com/tshirts/flosberry/flosberry-stylish-men-conversational-printed-polo-collar-t-shirt/29903393/buy
max,,Rs. 349,"https://assets.myntassets.com/dpr_2,q_60,w_210,c_limit,fl_progressive/assets/images/20693390/2023/7/18/95c38710-b374-457a-828c-6cc1ec477eac1689681896390SztoriBrandLogoPrintedQuick-DryActivewearAntimicrobialT-shir1.jpg",https://www.myntra.com/tshirts/max/max-urbn-abstract-printed-hooded-monochrome-t-shirt/28003614/buy
CLAFOUTIS,Men High Neck Slim Fit T-shirt,Rs. 399,"https://assets.myntassets.com/dpr_2,q_60,w_210,c_limit,fl_progressive/assets/images/20693390/2023/7/18/95c38710-b374-457a-828c-6cc1ec477eac1689681896390SztoriBrandLogoPrintedQuick-DryActivewearAntimicrobialT-shir1.jpg",https://www.myntra.com/tshirts/clafoutis/clafoutis-men-high-neck-slim-fit-t-shirt/31347187/buy
Roadster,Pure Cotton T-shirt,Rs. 389,"https://assets.myntassets.com/dpr_2,q_60,w_210,c_limit,fl_progressive/assets/images/20693390/2023/7/18/95c38710-b374-457a-828c-6cc1ec477eac1689681896390SztoriBrandLogoPrintedQuick-DryActivewearAntimicrobialT-shir1.jpg",https://www.myntra.com/tshirts/roadster/the-roadster-lifestyle-co-polo-collar-drop-shoulder-sleeves-pure-cotton-t-shirt/27774814/buy
Roadster,Men Cotton Pure Cotton T-shirt,Rs. 335,"https://assets.myntassets.com/dpr_2,q_60,w_210,c_limit,fl_progressive/assets/images/20693390/2023/7/18/95c38710-b374-457a-828c-6cc1ec477eac1689681896390SztoriBrandLogoPrintedQuick-DryActivewearAntimicrobialT-shir1.jpg",https://www.myntra.com/tshirts/roadster/roadster-men-maroon--navy-blue-pure-cotton-t-shirt/2329007/buy
Jockey,Men Solid Innerwear Vest,No Price,"https://assets.myntassets.com/dpr_2,q_60,w_210,c_limit,fl_progressive/assets/images/20693390/2023/7/18/95c38710-b374-457a-828c-6cc1ec477eac1689681896390SztoriBrandLogoPrintedQuick-DryActivewearAntimicrobialT-shir1.jpg",https://www.myntra.com/tshirts/jockey/jockey-combed-cotton-rib-round-neck-muscle-vest-9930/9866815/buy
DAMENSCH,Colourblock Cotton T-shirt,Rs. 599,"https://assets.myntassets.com/dpr_2,q_60,w_210,c_limit,fl_progressive/assets/images/20693390/2023/7/18/95c38710-b374-457a-828c-6cc1ec477eac1689681896390SztoriBrandLogoPrintedQuick-DryActivewearAntimicrobialT-shir1.jpg",https://www.myntra.com/lounge-tshirts/damensch/damensch-men-colorblocked-blue-cotton-regular-fit-colorblock-lounge-t-shirt/15973456/buy
Roadster,Tie and Dye Cotton T-shirt,Rs. 362,"https://assets.myntassets.com/dpr_2,q_60,w_210,c_limit,fl_progressive/assets/images/20693390/2023/7/18/95c38710-b374-457a-828c-6cc1ec477eac1689681896390SztoriBrandLogoPrintedQuick-DryActivewearAntimicrobialT-shir1.jpg",https://www.myntra.com/tshirts/roadster/the-roadster-life-co-relaxed-fit-tie-and-dye-drop-shoulder-sleeves-pure-cotton-t-shirt/30162891/buy
HRX by Hrithik Roshan,Men Rapid-Dry Running T-Shirt,Rs. 335,"https://assets.myntassets.com/dpr_2,q_60,w_210,c_limit,fl_progressive/assets/images/20693390/2023/7/18/95c38710-b374-457a-828c-6cc1ec477eac1689681896390SztoriBrandLogoPrintedQuick-DryActivewearAntimicrobialT-shir1.jpg",https://www.myntra.com/tshirts/hrx+by+hrithik+roshan/hrx-by-hrithik-roshan-men-turquoise-blue-running-rapid-dry-t-shirts/18657878/buy
Kook N Keech,Pure Cotton Oversized T-shirt,Rs. 307,"https://assets.myntassets.com/dpr_2,q_60,w_210,c_limit,fl_progressive/assets/images/20693390/2023/7/18/95c38710-b374-457a-828c-6cc1ec477eac1689681896390SztoriBrandLogoPrintedQuick-DryActivewearAntimicrobialT-shir1.jpg",https://www.myntra.com/tshirts/kook+n+keech/kook-n-keech-graphic-printed-drop-shoulder-sleeves-pure-cotton-oversized-t-shirt/26898422/buy
Kook N Keech,Pure Cotton Oversized T-shirt,Rs. 299,"https://assets.myntassets.com/dpr_2,q_60,w_210,c_limit,fl_progressive/assets/images/20693390/2023/7/18/95c38710-b374-457a-828c-6cc1ec477eac1689681896390SztoriBrandLogoPrintedQuick-DryActivewearAntimicrobialT-shir1.jpg",https://www.myntra.com/tshirts/kook+n+keech/kook-n-keech-graphic-printed-drop-shoulder-sleeves-pure-cotton-oversized-t-shirt/23589110/buy
Roadster,Raw Edge Neckline Tshirt,Rs. 329,"https://assets.myntassets.com/dpr_2,q_60,w_210,c_limit,fl_progressive/assets/images/20693390/2023/7/18/95c38710-b374-457a-828c-6cc1ec477eac1689681896390SztoriBrandLogoPrintedQuick-DryActivewearAntimicrobialT-shir1.jpg",https://www.myntra.com/tshirts/roadster/the-roadster-lifestyle-co-raw-edge-neck-and-hemline-drop-shoulder-tshirt/26736780/buy
HIGHLANDER,Men Self Design T-shirt,Rs. 356,"https://assets.myntassets.com/dpr_2,q_60,w_210,c_limit,fl_progressive/assets/images/20693390/2023/7/18/95c38710-b374-457a-828c-6cc1ec477eac1689681896390SztoriBrandLogoPrintedQuick-DryActivewearAntimicrobialT-shir1.jpg",https://www.myntra.com/tshirts/highlander/highlander-men-self-design-henley-neck-relaxed-fit-t-shirt/31394186/buy
Harvard,Colourblocked Cotton T-shirt,Rs. 344,"https://assets.myntassets.com/dpr_2,q_60,w_210,c_limit,fl_progressive/assets/images/20693390/2023/7/18/95c38710-b374-457a-828c-6cc1ec477eac1689681896390SztoriBrandLogoPrintedQuick-DryActivewearAntimicrobialT-shir1.jpg",https://www.myntra.com/tshirts/harvard/harvard-colourblocked-polo-collar-pure-cotton-t-shirt/26571224/buy
Being Human,Printed Pure Cotton T-shirt,Rs. 319,"https://assets.myntassets.com/dpr_2,q_60,w_210,c_limit,fl_progressive/assets/images/20693390/2023/7/18/95c38710-b374-457a-828c-6cc1ec477eac1689681896390SztoriBrandLogoPrintedQuick-DryActivewearAntimicrobialT-shir1.jpg",https://www.myntra.com/tshirts/being+human/being-human-printed-pure-cotton-t-shirt/30825477/buy
INVICTUS,Polo Collar T-shirt,Rs. 339,"https://assets.myntassets.com/dpr_2,q_60,w_210,c_limit,fl_progressive/assets/images/20693390/2023/7/18/95c38710-b374-457a-828c-6cc1ec477eac1689681896390SztoriBrandLogoPrintedQuick-DryActivewearAntimicrobialT-shir1.jpg",https://www.myntra.com/tshirts/invictus/invictus-polo-collar-t-shirt/21250506/buy
DILLINGER,Men Striped T-shirt,Rs. 367,"https://assets.myntassets.com/dpr_2,q_60,w_210,c_limit,fl_progressive/assets/images/20693390/2023/7/18/95c38710-b374-457a-828c-6cc1ec477eac1689681896390SztoriBrandLogoPrintedQuick-DryActivewearAntimicrobialT-shir1.jpg",https://www.myntra.com/tshirts/dillinger/dillinger-men-sriped-oversized-t-shirt/23877726/buy
Roadster,Cotton Oversized T-shirt,Rs. 351,"https://assets.myntassets.com/dpr_2,q_60,w_210,c_limit,fl_progressive/assets/images/20693390/2023/7/18/95c38710-b374-457a-828c-6cc1ec477eac1689681896390SztoriBrandLogoPrintedQuick-DryActivewearAntimicrobialT-shir1.jpg",https://www.myntra.com/tshirts/roadster/the-roadster-life-co-printed-pure-cotton-oversized-t-shirt/30162902/buy
Levis,Solid V-Neck Lounge T-shirt,Rs. 356,"https://assets.myntassets.com/dpr_2,q_60,w_210,c_limit,fl_progressive/assets/images/20693390/2023/7/18/95c38710-b374-457a-828c-6cc1ec477eac1689681896390SztoriBrandLogoPrintedQuick-DryActivewearAntimicrobialT-shir1.jpg",https://www.myntra.com/lounge-tshirts/levis/levis-men-solid-v-neck-cotton-t-shirt-with-smartskin-technology/12027430/buy
HIGHLANDER,Men Solid Oversized T-shirt,Rs. 356,"https://assets.myntassets.com/dpr_2,q_60,w_210,c_limit,fl_progressive/assets/images/20693390/2023/7/18/95c38710-b374-457a-828c-6cc1ec477eac1689681896390SztoriBrandLogoPrintedQuick-DryActivewearAntimicrobialT-shir1.jpg",https://www.myntra.com/tshirts/highlander/highlander-men-solid-round-neck-cotton-oversized-t-shirt/30689928/buy
XYXX,Round Neck Cotton T-shirt,Rs. 384,"https://assets.myntassets.com/dpr_2,q_60,w_210,c_limit,fl_progressive/assets/images/20693390/2023/7/18/95c38710-b374-457a-828c-6cc1ec477eac1689681896390SztoriBrandLogoPrintedQuick-DryActivewearAntimicrobialT-shir1.jpg",https://www.myntra.com/tshirts/xyxx/xyxx-men-pace-intellieaze-cotton-t-shirt/24062072/buy
Sztori,Plus Size Printed T-Shirt,Rs. 419,"https://assets.myntassets.com/dpr_2,q_60,w_210,c_limit,fl_progressive/assets/images/20693390/2023/7/18/95c38710-b374-457a-828c-6cc1ec477eac1689681896390SztoriBrandLogoPrintedQuick-DryActivewearAntimicrobialT-shir1.jpg",https://www.myntra.com/tshirts/sztori/sztori-plus-size-mickey-mouse-printed-t-shirt/29790722/buy
HRX by Hrithik Roshan,Rapid Dry Training T-shirt,Rs. 351,"https://assets.myntassets.com/dpr_2,q_60,w_210,c_limit,fl_progressive/assets/images/20693390/2023/7/18/95c38710-b374-457a-828c-6cc1ec477eac1689681896390SztoriBrandLogoPrintedQuick-DryActivewearAntimicrobialT-shir1.jpg",https://www.myntra.com/tshirts/hrx+by+hrithik+roshan/hrx-by-hrithik-roshan-performancebonded-sleeveless-rapid-dry-training-t-shirt/30117287/buy
Kook N Keech Disney,Pure Cotton Oversized T-shirt,Rs. 359,"https://assets.myntassets.com/dpr_2,q_60,w_210,c_limit,fl_progressive/assets/images/20693390/2023/7/18/95c38710-b374-457a-828c-6cc1ec477eac1689681896390SztoriBrandLogoPrintedQuick-DryActivewearAntimicrobialT-shir1.jpg",https://www.myntra.com/tshirts/kook+n+keech+disney/kook-n-keech-disney-printed-pure-cotton-oversized--t-shirt/29431478/buy
R.Code by The Roadster Life Co.,Men T-shirt,Rs. 335,"https://assets.myntassets.com/dpr_2,q_60,w_210,c_limit,fl_progressive/assets/images/20693390/2023/7/18/95c38710-b374-457a-828c-6cc1ec477eac1689681896390SztoriBrandLogoPrintedQuick-DryActivewearAntimicrobialT-shir1.jpg",https://www.myntra.com/tshirts/r.code+by+the+roadster+life+co./rcode-by-the-roadster-life-co-men-t-shirt/25253380/buy
HRX by Hrithik Roshan,Rapid-Dry Running T-shirt,Rs. 269,"https://assets.myntassets.com/dpr_2,q_60,w_210,c_limit,fl_progressive/assets/images/20693390/2023/7/18/95c38710-b374-457a-828c-6cc1ec477eac1689681896390SztoriBrandLogoPrintedQuick-DryActivewearAntimicrobialT-shir1.jpg",https://www.myntra.com/tshirts/hrx+by+hrithik+roshan/hrx-by-hrithik-roshan-men-brand-logo-printed-rapid-dry-running-t-shirt/30390335/buy
Sztori,Plus Size Pure Cotton T-shirt,Rs. 311,"https://assets.myntassets.com/dpr_2,q_60,w_210,c_limit,fl_progressive/assets/images/20693390/2023/7/18/95c38710-b374-457a-828c-6cc1ec477eac1689681896390SztoriBrandLogoPrintedQuick-DryActivewearAntimicrobialT-shir1.jpg",https://www.myntra.com/tshirts/sztori/sztori-plus-size-pure-cotton-t-shirt/29790682/buy
Roadster,Typography Polo Collar T-shirt,Rs. 395,"https://assets.myntassets.com/dpr_2,q_60,w_210,c_limit,fl_progressive/assets/images/20693390/2023/7/18/95c38710-b374-457a-828c-6cc1ec477eac1689681896390SztoriBrandLogoPrintedQuick-DryActivewearAntimicrobialT-shir1.jpg",https://www.myntra.com/tshirts/roadster/the-roadster-lifestyle-co-typography-polo-collar-pure-cotton-t-shirt/29555432/buy
Kook N Keech,Printed Oversized T-shirt,Rs. 307,"https://assets.myntassets.com/dpr_2,q_60,w_210,c_limit,fl_progressive/assets/images/20693390/2023/7/18/95c38710-b374-457a-828c-6cc1ec477eac1689681896390SztoriBrandLogoPrintedQuick-DryActivewearAntimicrobialT-shir1.jpg",https://www.myntra.com/tshirts/kook+n+keech/kook-n-keech-rick--morty-printed-drop-shoulder-sleeves-oversized-t-shirt/30379742/buy
FCUK,Pure Cotton Printed T-shirt,Rs. 379,"https://assets.myntassets.com/dpr_2,q_60,w_210,c_limit,fl_progressive/assets/images/20693390/2023/7/18/95c38710-b374-457a-828c-6cc1ec477eac1689681896390SztoriBrandLogoPrintedQuick-DryActivewearAntimicrobialT-shir1.jpg",https://www.myntra.com/tshirts/fcuk/fcuk-pure-cotton-brand-logo-printed-casual-t-shirt/26331580/buy
R.Code by The Roadster Life Co.,Men Solid Cotton T-shirt,Rs. 359,"https://assets.myntassets.com/dpr_2,q_60,w_210,c_limit,fl_progressive/assets/images/20693390/2023/7/18/95c38710-b374-457a-828c-6cc1ec477eac1689681896390SztoriBrandLogoPrintedQuick-DryActivewearAntimicrobialT-shir1.jpg",https://www.myntra.com/tshirts/r.code+by+the+roadster+life+co./rcode-by-the-roadster-life-co-men-solid-round-neck-cotton-t-shirt/31997317/buy
Roadster,Solid Polo Collar Pure Cotton T-shirt,Rs. 395,"https://assets.myntassets.com/dpr_2,q_60,w_210,c_limit,fl_progressive/assets/images/20693390/2023/7/18/95c38710-b374-457a-828c-6cc1ec477eac1689681896390SztoriBrandLogoPrintedQuick-DryActivewearAntimicrobialT-shir1.jpg",https://www.myntra.com/tshirts/roadster/roadster-men-olive-green-solid-polo-collar-pure-cotton-t-shirt/8511995/buy
HRX by Hrithik Roshan,Printed Rapid-Dry T-shirt,Rs. 351,"https://assets.myntassets.com/dpr_2,q_60,w_210,c_limit,fl_progressive/assets/images/20693390/2023/7/18/95c38710-b374-457a-828c-6cc1ec477eac1689681896390SztoriBrandLogoPrintedQuick-DryActivewearAntimicrobialT-shir1.jpg",https://www.myntra.com/tshirts/hrx+by+hrithik+roshan/hrx-by-hrithik-roshan-typography-printed-rapid-dry-training--t-shirt/30390915/buy
Roadster,Men Striped T-shirt,Rs. 389,"https://assets.myntassets.com/dpr_2,q_60,w_210,c_limit,fl_progressive/assets/images/20693390/2023/7/18/95c38710-b374-457a-828c-6cc1ec477eac1689681896390SztoriBrandLogoPrintedQuick-DryActivewearAntimicrobialT-shir1.jpg",https://www.myntra.com/tshirts/roadster/the-roadster-lifestyle-co-men-sea-green--white-striped-t-shirt/13621440/buy
Roadster,Pure Cotton Polo T-shirt,Rs. 384,"https://assets.myntassets.com/dpr_2,q_60,w_210,c_limit,fl_progressive/assets/images/20693390/2023/7/18/95c38710-b374-457a-828c-6cc1ec477eac1689681896390SztoriBrandLogoPrintedQuick-DryActivewearAntimicrobialT-shir1.jpg",https://www.myntra.com/tshirts/roadster/the-roadster-lifestyle-co-polo-collar-pure-cotton-t-shirt/21422930/buy
Mast & Harbour,Printed Polo Collar Pure Cotton T-shirt,Rs. 324,"https://assets.myntassets.com/dpr_2,q_60,w_210,c_limit,fl_progressive/assets/images/20693390/2023/7/18/95c38710-b374-457a-828c-6cc1ec477eac1689681896390SztoriBrandLogoPrintedQuick-DryActivewearAntimicrobialT-shir1.jpg",https://www.myntra.com/tshirts/mast+%26+harbour/mast--harbour-men-teal-printed-polo-collar-pure-cotton-t-shirt/11017730/buy
glitchez,Oversized Fit T-shirt,Rs. 349,"https://assets.myntassets.com/dpr_2,q_60,w_210,c_limit,fl_progressive/assets/images/20693390/2023/7/18/95c38710-b374-457a-828c-6cc1ec477eac1689681896390SztoriBrandLogoPrintedQuick-DryActivewearAntimicrobialT-shir1.jpg",https://www.myntra.com/tshirts/glitchez/glitchez-printed-oversized-fit-t-shirt/31541594/buy
HRX by Hrithik Roshan,Rapid-Dry Sports T-shirt,Rs. 323,"https://assets.myntassets.com/dpr_2,q_60,w_210,c_limit,fl_progressive/assets/images/20693390/2023/7/18/95c38710-b374-457a-828c-6cc1ec477eac1689681896390SztoriBrandLogoPrintedQuick-DryActivewearAntimicrobialT-shir1.jpg",https://www.myntra.com/tshirts/hrx+by+hrithik+roshan/hrx-by-hrithik-roshan-brand-logo-printed-rapid-dry-training-or-gym-sports-t-shirt/30659478/buy
HRX by Hrithik Roshan,Polo Collar T-shirt,Rs. 329,"https://assets.myntassets.com/dpr_2,q_60,w_210,c_limit,fl_progressive/assets/images/20693390/2023/7/18/95c38710-b374-457a-828c-6cc1ec477eac1689681896390SztoriBrandLogoPrintedQuick-DryActivewearAntimicrobialT-shir1.jpg",https://www.myntra.com/tshirts/hrx+by+hrithik+roshan/hrx-by-hrithik-roshan-men-polo-collar-t-shirt/30702191/buy
Mast & Harbour,Men Printed Bio Finish T-shirt,Rs. 319,"https://assets.myntassets.com/dpr_2,q_60,w_210,c_limit,fl_progressive/assets/images/20693390/2023/7/18/95c38710-b374-457a-828c-6cc1ec477eac1689681896390SztoriBrandLogoPrintedQuick-DryActivewearAntimicrobialT-shir1.jpg",https://www.myntra.com/tshirts/mast+%26+harbour/mast--harbour-men-printed-drop-shoulder-sleeves-pure-cotton-bio-finish-t-shirt/30143403/buy
Mast & Harbour,Printed Polo Collar T-shirt,Rs. 395,"https://assets.myntassets.com/dpr_2,q_60,w_210,c_limit,fl_progressive/assets/images/20693390/2023/7/18/95c38710-b374-457a-828c-6cc1ec477eac1689681896390SztoriBrandLogoPrintedQuick-DryActivewearAntimicrobialT-shir1.jpg",https://www.myntra.com/tshirts/mast+%26+harbour/mast--harbour-floral-printed-polo-collar-t-shirt/27196548/buy
Kook N Keech,Printed Pure Cotton T-shirt,Rs. 318,"https://assets.myntassets.com/dpr_2,q_60,w_210,c_limit,fl_progressive/assets/images/20693390/2023/7/18/95c38710-b374-457a-828c-6cc1ec477eac1689681896390SztoriBrandLogoPrintedQuick-DryActivewearAntimicrobialT-shir1.jpg",https://www.myntra.com/tshirts/kook+n+keech/kook-n-keech-printed-drop-shoulder-sleeves-pure-cotton-oversized-t-shirt/26898378/buy
Minions by Kook N Keech,Pure Cotton Oversized T-shirt,Rs. 376,"https://assets.myntassets.com/dpr_2,q_60,w_210,c_limit,fl_progressive/assets/images/20693390/2023/7/18/95c38710-b374-457a-828c-6cc1ec477eac1689681896390SztoriBrandLogoPrintedQuick-DryActivewearAntimicrobialT-shir1.jpg",https://www.myntra.com/tshirts/minions+by+kook+n+keech/minions-by-kook-n-keech-printed-drop-shoulder-sleeves-pure-cotton-oversized-t-shirt/26898362/buy
Roadster,Oversized T-shirt,Rs. 384,"https://assets.myntassets.com/dpr_2,q_60,w_210,c_limit,fl_progressive/assets/images/20693390/2023/7/18/95c38710-b374-457a-828c-6cc1ec477eac1689681896390SztoriBrandLogoPrintedQuick-DryActivewearAntimicrobialT-shir1.jpg",https://www.myntra.com/tshirts/roadster/the-roadster-life-co-drop-shoulder-sleeves-oversized-t-shirt/30162860/buy
Mast & Harbour,Striped Round Neck Pure Cotton T-shirt,Rs. 341,"https://assets.myntassets.com/dpr_2,q_60,w_210,c_limit,fl_progressive/assets/images/20693390/2023/7/18/95c38710-b374-457a-828c-6cc1ec477eac1689681896390SztoriBrandLogoPrintedQuick-DryActivewearAntimicrobialT-shir1.jpg",https://www.myntra.com/tshirts/mast+%26+harbour/mast--harbour-men-blue-striped-round-neck-pure-cotton-t-shirt/8301975/buy
Mast & Harbour,Solid Polo Collar T-shirt,Rs. 329,"https://assets.myntassets.com/dpr_2,q_60,w_210,c_limit,fl_progressive/assets/images/20693390/2023/7/18/95c38710-b374-457a-828c-6cc1ec477eac1689681896390SztoriBrandLogoPrintedQuick-DryActivewearAntimicrobialT-shir1.jpg",https://www.myntra.com/tshirts/mast+%26+harbour/mast--harbour-men-mustard-yellow-solid-polo-collar-t-shirt/11607360/buy
Roadster,Men Solid T-shirt,No Price,"https://assets.myntassets.com/dpr_2,q_60,w_210,c_limit,fl_progressive/assets/images/20693390/2023/7/18/95c38710-b374-457a-828c-6cc1ec477eac1689681896390SztoriBrandLogoPrintedQuick-DryActivewearAntimicrobialT-shir1.jpg",https://www.myntra.com/tshirts/roadster/roadster-men-charcoal-grey-solid-t-shirt/18346748/buy
Mast & Harbour,Men Bio Finish T-shirt,Rs. 327,"https://assets.myntassets.com/dpr_2,q_60,w_210,c_limit,fl_progressive/assets/images/20693390/2023/7/18/95c38710-b374-457a-828c-6cc1ec477eac1689681896390SztoriBrandLogoPrintedQuick-DryActivewearAntimicrobialT-shir1.jpg",https://www.myntra.com/tshirts/mast+%26+harbour/mast--harbour-men-solid-pure-cotton-bio-finish-t-shirt/24436780/buy
Roadster,Striped Relaxed Fit T-shirt,Rs. 287,"https://assets.myntassets.com/dpr_2,q_60,w_210,c_limit,fl_progressive/assets/images/20693390/2023/7/18/95c38710-b374-457a-828c-6cc1ec477eac1689681896390SztoriBrandLogoPrintedQuick-DryActivewearAntimicrobialT-shir1.jpg",https://www.myntra.com/tshirts/roadster/the-roadster-lifestyle-co-men-striped-relaxed-fit-t-shirt/30162912/buy
Tshirts For Men,,,,
Kook N Keech,Typography Printed T-shirt,Rs. 329,"https://assets.myntassets.com/dpr_2,q_60,w_210,c_limit,fl_progressive/assets/images/2024/NOVEMBER/26/8U5OxOtU_28f3439176384446a37cc1b68995a21b.jpg",https://www.myntra.com/tshirts/kook+n+keech/kook-n-keech-typography-printed-drop-shoulder-sleeves-pure-cotton-t-shirt/26898336/buy
HIGHLANDER,Men Solid Oversized T-shirt,Rs. 333,"https://assets.myntassets.com/dpr_2,q_60,w_210,c_limit,fl_progressive/assets/images/2024/NOVEMBER/26/8U5OxOtU_28f3439176384446a37cc1b68995a21b.jpg",https://www.myntra.com/tshirts/highlander/highlander-men-solid-round-neck-cotton-oversized-t-shirt/30715656/buy
Mast & Harbour,,Rs. 347,"https://assets.myntassets.com/dpr_2,q_60,w_210,c_limit,fl_progressive/assets/images/2024/NOVEMBER/26/8U5OxOtU_28f3439176384446a37cc1b68995a21b.jpg",https://www.myntra.com/tshirts/mast+%26+harbour/mast--harbour-floral-printed-drop-shoulder-sleeves-t-shirt/29947507/buy
XYXX,Pure Cotton T-shirt,Rs. 345,"https://assets.myntassets.com/dpr_2,q_60,w_210,c_limit,fl_progressive/assets/images/2024/NOVEMBER/26/8U5OxOtU_28f3439176384446a37cc1b68995a21b.jpg",https://www.myntra.com/tshirts/xyxx/xyxx-men-pace-intellieaze-cotton-t-shirt/24062076/buy
Roadster,Solid Stand Collar Pure Cotton T-shirt,Rs. 391,"https://assets.myntassets.com/dpr_2,q_60,w_210,c_limit,fl_progressive/assets/images/2024/NOVEMBER/26/8U5OxOtU_28f3439176384446a37cc1b68995a21b.jpg",https://www.myntra.com/tshirts/roadster/the-roadster-lifestyle-co-men-white-pure-cotton-solid-stand-collar-pure-cotton-t-shirt/13621042/buy
Roadster,Men Pure Cotton T-shirt,Rs. 389,"https://assets.myntassets.com/dpr_2,q_60,w_210,c_limit,fl_progressive/assets/images/2024/NOVEMBER/26/8U5OxOtU_28f3439176384446a37cc1b68995a21b.jpg",https://www.myntra.com/tshirts/roadster/the-roadster-life-co-men-polo-collar-pure-cotton-t-shirt/20789168/buy
Mast & Harbour,Printed T-shirt,Rs. 311,"https://assets.myntassets.com/dpr_2,q_60,w_210,c_limit,fl_progressive/assets/images/2024/NOVEMBER/26/8U5OxOtU_28f3439176384446a37cc1b68995a21b.jpg",https://www.myntra.com/tshirts/mast+%26+harbour/mast--harbour-men-printed-drop-shoulder-sleeves-t-shirt/29947450/buy
DAMENSCH,Statement Waffle Tank Tops,Rs. 599,"https://assets.myntassets.com/dpr_2,q_60,w_210,c_limit,fl_progressive/assets/images/2024/NOVEMBER/26/8U5OxOtU_28f3439176384446a37cc1b68995a21b.jpg",https://www.myntra.com/lounge-tshirts/damensch/damensch-statement-waffle-premium-waffle-texture-colours-by-high-iq-dyes-tank-tops/28874526/buy
HIGHLANDER,Men Henley Neck T-shirt,Rs. 356,"https://assets.myntassets.com/dpr_2,q_60,w_210,c_limit,fl_progressive/assets/images/2024/NOVEMBER/26/8U5OxOtU_28f3439176384446a37cc1b68995a21b.jpg",https://www.myntra.com/tshirts/highlander/highlander-men-henley-neck-drop-shoulder-sleeves-relaxed-fit-t-shirt/31576463/buy
Roadster,Pure Cotton T-shirt,Rs. 362,"https://assets.myntassets.com/dpr_2,q_60,w_210,c_limit,fl_progressive/assets/images/2024/NOVEMBER/26/8U5OxOtU_28f3439176384446a37cc1b68995a21b.jpg",https://www.myntra.com/tshirts/roadster/roadster-men-polo-collar-pure-cotton-t-shirt/26413962/buy
Roadster,Self-Striped Oversized T-shirt,Rs. 461,"https://assets.myntassets.com/dpr_2,q_60,w_210,c_limit,fl_progressive/assets/images/2024/NOVEMBER/26/8U5OxOtU_28f3439176384446a37cc1b68995a21b.jpg",https://www.myntra.com/tshirts/roadster/the-roadster-lifestyle-co-self-striped-drop-shoulder-sleeves-oversized-t-shirt/31376574/buy
